Nombre_Nuevo_Excel,Mejor_Coincidencia_Sistema_Actual,Nivel_de_Confianza_Porcentaje,Sheet_Origen
368120 368120 BUJE POLIURETANO DE CARRETA AMORTIGUADOR,INY-3603DDEB,30,INYECCION
368121 368121 BUJE POLIURETANO DE CARRETA UNIVERSAL,INY-16E7EADE,32,INYECCION
368150 368150  BUJE POLIURETANO CONICO AMORTIGUADOR 9840,INY-33A6804D,30,INYECCION
"AL-001 AL-001 ALARGADOR AMORTIGUADOR M10 X 1,25",INY-05001208,24,INYECCION
"AL-002 AL-002 ALARGADOR AMORTIGUADOR M10 X 1,5",02021d8a,26,INYECCION
AL-003 AL-003 ALARGADOR AMORTIGUADOR M10 X 1.25 ALTURA 58mm,INY-0433195D,23,INYECCION
AL-004 AL-004 ALARGADOR AMORTIGUADOR M10 X 1.25 ALTURA 44mm,405aaadf,21,INYECCION
BF-9735 BUJE TIJERA MAZDA BT-50,INY-505F9EA8,37,INYECCION
BL-033 BL-033 KIT BALANCIN DOBLE FUNCIÓN TOYOTA REVO (IZQ Y DER CON BUJES),INY-3603DDEB,24,INYECCION
BLA-001 BLA-001 BALANCIN VIGO LARGO CON BUJES,INY-9BBB3ACC,25,INYECCION
BLA-002 BLA-002 BALANCIN VIGO CORTO CON BUJES,INY-9BBB3ACC,28,INYECCION
BLA-003 BLA-003 BALANCIN NISSAN D-21 70mm,INY-0433195D,30,INYECCION
BLA-004 BLA-004 BALANCIN NISSAN D-21 95mm,INY-0433195D,34,INYECCION
BLA-005 BLA-005 BALANCIN MAZDA B2000 SEMILARGO,INY-05001208,31,INYECCION
BLA-006 BLA-006 BALANCIN REVO CORTO,INY-F006ACE4,30,INYECCION
BLA-007 BLA-007 BALANCIN REVO LARGO CON BUJES,INY-F006ACE4,25,INYECCION
"BLA-008 BLA-008  BALANCIN TOYOTA 4,5 85mm",INY-4500E455,35,INYECCION
BLA-009 BLA-009 BALANCIN MAZDA B2000,INY-05001208,33,INYECCION
BLA-010 BLA-010 BALANCIN CHEVROLET LUV 2300 90 mm,INY-05001208,30,INYECCION
BLA-011 BLA-011 BALANCIN CHEVROLET LUV 2300 120mm,INY-115C4020,26,INYECCION
BSLA-001 BSLA-001 BALANCIN,INY-05001208,37,INYECCION
BSLA-002 BSLA-002 BALANCIN,00d2acbb,41,INYECCION
BSLA-003 BSLA-003 BALANCIN NISSAN D21-70 mm -SIN SISTEMA DE LUBRICACIÓN,INY-3603DDEB,25,INYECCION
BSLA-004 BSLA-004 BALANCIN,INY-4500E455,37,INYECCION
BSLA-005 BSLA-005 BALANCIN  MAZDA B2000 SEMILARGO,INY-05001208,30,INYECCION
BSLA-006 BSLA-006 BALANCIN,INY-F006ACE4,37,INYECCION
BSLA-007 BSLA-007 BALANCIN,INY-7071B7C1,37,INYECCION
BSLA-008 BSLA-008 BALANCIN,INY-05001208,42,INYECCION
BSLA-009 BSLA-009 BALANCIN MAZDA B2000 (6040) - SIN SISTEMA DE LUBRICACIÓN,INY-9BBB3ACC,25,INYECCION
BSLA-010 BSLA-010 BALANCIN,INY-05001208,42,INYECCION
BSLA-011 BSLA-011  BALANCIN,INY-1D01A01E,37,INYECCION
BSLA-012 BSLA-012 BALANCIN NISSAN FRONTIER - SIN SISTEMA DE LUBRICACIÓN,INY-120DE7AA,25,INYECCION
BSLA-013 BSLA-013 BALANCIN KIA PREGIO/ H1 /GRAND STAREX,FR-9303 / CB9721,27,FICHAS_INT_CAR
BSLA-014 BSLA-014 BALANCIN,INY-1457016F,37,INYECCION
BSLA-015 BSLA-015 BALANCIN,INY-1457016F,37,INYECCION
BSLA-016 BSLA-016 BALANCIN WULING / N200 / DFM,INY-CAF2E500,33,INYECCION
BSLA-017 BSLA-017 BALANCIN SUZUKI / HAFEI / DAMAS / CARRY,INY-1457016F,25,INYECCION
BSLA-018 BSLA-018 BALANCIN,INY-0E18A1A2,37,INYECCION
BSLA-019 BSLA-019 BALANCIN,INY-0515F19B,37,INYECCION
BSLA-020 BSLA-020 BALANCIN,INY-05001208,42,INYECCION
"BSLA-021 BSLA-021 BALANCIN  BALANCIN TOYOTA 4,5 110mm - SIN SISTEMA DE LUBRICACIÓN",INY-9BBB3ACC,22,INYECCION
"BSLA-022 BSLA-022 BALANCIN TOYOTA 4,5 140mm",INY-96021459,33,INYECCION
BSLA-023 BSLA-023 BALANCIN,INY-D03023ED,42,INYECCION
BSLA-024 BSLA-024 BALANCIN,00d2acbb,41,INYECCION
"BSLA-026 BSLA-026 BALANCIN TOYOTA 4,5 DE 140mm (MEDIA LUNA)",INY-96021459,29,INYECCION
BSLA-027 BSLA-027 BALANCIN,270bab3b,41,INYECCION
BSLA-028 BSLA-028 BALANCIN DAIHATSU F20,88bc1adf,30,INYECCION
BSLA-029 BSLA-029 BALANCIN CHEVROLET N300,INY-9BBB3ACC,30,INYECCION
BSLA-031 BSLA-031  BALANCIN SUZUKI / HAFEI / DAMAS / CARRY LARGO,FR-9303 / CB9721,25,FICHAS_INT_CAR
BSLA-032 BSLA-032 BALANCIN SUZUKI / HAFEI / DAMAS / CARRY,INY-20803252,25,INYECCION
BSLA-036 BSLA-036 BALANCIN,INY-0350A3E6,42,INYECCION
BSLA-040 BSLA-040 BALANCIN SUZUKI 120 mm (MEDIA LUNA),INY-05001208,29,INYECCION
BSLA-041 BSLA-041 BALANCIN CHEVROLET LUV 2300 - 120mm (MEDIA LUNA),INY-44B0CBEE,24,INYECCION
BSLA-042 BSLA-042 BALANCIN CHEVROLET LUV 2300 - 140mm (MEDIA LUNA),INY-44B0CBEE,24,INYECCION
BSLA-043 BSLA-043 BALANCIN NISSAN FRONTIER120mm (MEDIA LUNA),INY-44B0CBEE,29,INYECCION
BSLA-044 BSLA-044 BALANCIN,INY-0944B1B0,37,INYECCION
BSLA-045 BSLA-045 BALANCIN,INY-4500E455,42,INYECCION
BSLA-047 BSLA-047 BALANCIN MONTERO / H100 / STAREX / L200 / SPORTERO,INY-7071B7C1,22,INYECCION
CAR9380-9721-9739-9920 CARCAZA EXTERIOR NPR 40MM,INY-7128C31A,30,INYECCION
CAR9609 BUJE EXTERNO RB 410,INY-BC90EC97,36,INYECCION
CAR9722-9723 CARCAZA EXTERNA 413-440,FR-9303 / CB9721,40,FICHAS_INT_CAR
CAR9740 CARCAZA TIJERA DE LUV 9740,INY-9744AEAD,39,INYECCION
CAR9760 CARCAZA ENSAMBLE 9760,INY-5CA96A6C,39,INYECCION
CAR9780 CARCAZA PARA ENSAMBLE 9780,878caebf,33,INYECCION
CAR9858 CARCAZA PARA ENSAMBLE 9858 EXT 35,INY-158CCACD,30,INYECCION
CAR9859 CARCAZA PARA ENSAMBLE 9859,9999caae,38,INYECCION
CAR9920 CARCAZA PARA ENSAMBLE 9920,9999caae,38,INYECCION
CB9306HDR BUJE POLIURETANO PARA ENSAMBLE 9306HDR,CB9306HDR,32,PULIDO
CB9380 BUJE POLIRETANO PARA ENSAMBLE 9380,INY-3EC6BC3A,34,INYECCION
CB9721 BUJE PARA ENSAMBLE 9721,FR-9303 / CB9721,45,FICHAS_INT_CAR
CB9727 BUJE PARA ENSAMBLE 9727,FR-9303 / CB9721,41,FICHAS_INT_CAR
CB9735 BUJE POLIURETANO PARA ENSAMBLE BT-50 9735,INY-9BBB3ACC,30,INYECCION
CB9740 BUJE POLIURETANO PARA ENSAMBLE 9740,INY-9744AEAD,37,INYECCION
CB9760 BUJE POLIURETANO PARA ENSAMBLE 9760,INY-BC90EC97,33,INYECCION
CB9766 BUJE POLIURETANO PARA ENSAMBLE 9766,INY-746B9166,33,INYECCION
CB9779 BUJE POLIURETANO  PARA ENSAMBLAR 9779,INY-BD0E79BA,33,INYECCION
CB9780 BUJE POLIURETANO  PARA ENSAMBLE 9780,INY-BC90EC97,33,INYECCION
CB9782 BUJE POLIURETANO PARA ENSAMBLE 9782,INY-832E6C98,33,INYECCION
CB9795 BUJE PARA ENSAMBLE 9795,INY-F9BE9D75,38,INYECCION
CB9796 BUJE PARA ENSAMBLE 9796,INY-789FCB79,38,INYECCION
CB9813 BUJE BARRA TENSORA VOLVO 9813,FR-9303 / CB9721,36,FICHAS_INT_CAR
CB9814 BUJE PARA ENSAMBLE 9814,8be14dea,37,INYECCION
CB9820 BUJE PARA ENSAMBLE 9820,FR-9303 / CB9721,41,FICHAS_INT_CAR
CB9821 BUJE PARA ENSAMBLE 9821,FR-9303 / CB9721,41,FICHAS_INT_CAR
CB9823 BUJE PARA ENSAMBLE 9823,FR-9303 / CB9721,41,FICHAS_INT_CAR
CB9824 BUJE PARA ENSAMBLE 9824 ESCOPETA DE TOYOTA BURBUJA,INY-8CDEAEEE,29,INYECCION
CB9826 BUJE PARA ENSAMBLE 9826 ESCOPETA DE TOYOTA BURBUJA,INY-8CDEAEEE,29,INYECCION
CB9829 CB9829 BUJE BARRA ESTABILIZADORA NISSAN CABSTAR Y MT 3000,INY-3F0CAC88,29,INYECCION
CB9830 BUJE PARA ENSAMBLE 9830,FR-9303 / CB9721,41,FICHAS_INT_CAR
CB9831 BUJE PARA ENSAMBLE 9831,FR-9303 / CB9721,41,FICHAS_INT_CAR
CB9834 BUJE PARA ENSAMBLE 9834,INY-832E6C98,38,INYECCION
CB9837 BUJE PARA ENSAMBLE 9837 (BUJES MUÑECO ATOS),FR-9303 / CB9721,30,FICHAS_INT_CAR
CB9851 BUJE PARA ENSAMBLE 9851 COUNTY,INY-9BEC3513,37,INYECCION
CB9858 BUJE PARA ENSAMBLE 9858,858b9dba,37,INYECCION
CB9859 BUJE PARA ENSAMBLE 9859,INY-9BEC3513,33,INYECCION
CB9861 BUJE PARA ENSAMBLE 9861,8197861b,37,INYECCION
CB9867 BUJE PARA ENSAMBLE 9867 (9928),INY-28BB866B,34,INYECCION
CB9873 BUJE POLIURETANO PARA ENSAMBLE 9873,INY-3EC6BC3A,33,INYECCION
CB9881B BUJE PARA 9881 BLANCO,CB9881B,39,PULIDO
CB9881N BUJE PARA 9881 NEGRO,INY-488EDB91,40,INYECCION
CB9881V BUJE PARA 9881 VERDE CON PESTAÑA,INY-488EDB91,31,INYECCION
CB9893 BUJE PARA ENSAMBLE 9893,INY-832E6C98,38,INYECCION
CB9908 BUJE POLIURETANO ENSAMBLE 9908,INY-BC90EC97,33,INYECCION
CB9920 BUJE POLIURETANO PARA ENSAMBLE 9920,INY-0B912EA1,33,INYECCION
CB9923 9923 BUJE PARA ENSAMBLE 9923,FR-9303 / CB9721,41,FICHAS_INT_CAR
CB9930 BUJE POLIURETANO ENSAMBLE 9930,INY-3EC6BC3A,37,INYECCION
CB9931 BUJE POLIURETANO ENSAMBLE 9931,INY-9BEC3513,37,INYECCION
CB9933 BUJE POLIURETANO ENSAMBLE 9933,INY-9BEC3513,37,INYECCION
CB9934 BUJE PARA ENSAMBLE 9934,FR-9303 / CB9721,36,FICHAS_INT_CAR
CB9935 BUJE PARA ENSAMBLE 9935 ( templador de la suspensión ampro plataforma),INY-9939AF1F,21,INYECCION
CB9945 BUJE POLIURETANO ENSAMBLE 9945,INY-485EBA3B,37,INYECCION
CB9946 BUJE POLIURETANO PARA ENSAMBLE 9946,INY-9BF462BE,33,INYECCION
CB-9949 BUJE PARA ENSAMBLE  MUELLE VOLKSWAGEN AMAROK,INY-8CDEAEEE,25,INYECCION
CB9959 BUJE POLIURETANO PARA ENSAMBLE 9959,INY-BB96591B,33,INYECCION
CIM-007 BUJE PARA ENSAMBLE 97079,INY-90336979,32,INYECCION
CIM93006HDR BUJE PARA ENSAMBLE 93006HDR,CIM93006HDR,44,PULIDO
CIM93080 BUJE POLIURETANO PARA ENSAMBLE 93080,INY-700EC8B7,32,INYECCION
CIM97027 BUJE POLIURETANO PARA ENSAMBLE 97027,INY-BC90EC97,32,INYECCION
CIM97035 BUJE PARA ENSAMBLE 97035,FR-9303 / CB9721,38,FICHAS_INT_CAR
CIM97039 BUJE POLIURETANO PARA ENSAMBLE 97039,INY-73993ABB,35,INYECCION
CIM97040 BUJE POLIURETANO PARA ENSAMBLE 97040,INY-04CC70EE,35,INYECCION
CIM97060 BUJE PARA ENSAMBLE 97060,CM7002SPA,38,PULIDO
CIM97066 BUJE POLIURETANO PARA ENSAMBLE  97066,INY-BC90EC97,32,INYECCION
CIM97079 BUJE POLIURETANO PARA ENSAMBLE 97079,INY-BC90EC97,32,INYECCION
CIM97080 BUJE POLIURETANO PARA ENSAMBLE 97080,INY-700EC8B7,35,INYECCION
CIM98020 BUJE PARA ENSAMBLE 98020,INY-A98E0206,36,INYECCION
CM7001 BUJE PARA ENSAMBLE 7001,CM7002SPA,41,PULIDO
CM7002SPA BUJE MT PARA ENSAMBLE 7002-SPA,CM7002SPA,37,PULIDO
CM7005 BUJE MT PARA ENSAMBLE 7005,CM7002SPA,38,PULIDO
CM7005B BUJE PARA ENSAMBLE MT-7005-B,CM7002SPA,36,PULIDO
CM7008 BUJE MT PARA ENSAMBLE 7008,CM7002SPA,38,PULIDO
CM7008B BUJE MT PARA ENSAMBLE 7008 BLANCO,INY-700EC8B7,34,INYECCION
CM7009 BUJE MT PARA ENSAMBLE 7009,CM7002SPA,38,PULIDO
CM7009B BUJE PARA ENSAMBLE 7009 BLANCO,CM7002SPA,34,PULIDO
CM7010 BUJE MT PARA ENSAMBLE 7010,CM7002SPA,38,PULIDO
CM7011 BUJE MT PARA ENSAMBLE 7011,INY-7071B7C1,36,INYECCION
CM7011B BUJE PARA ENSAMBLE MT 7011-B,INY-7071B7C1,33,INYECCION
CM7012 BUJE MT PARA ENSAMBLE 7012,CM7002SPA,38,PULIDO
CM7013 BUJE MT PARA ENSAMBLE 7013,INY-7071B7C1,36,INYECCION
CM7013B BUJE PARA ENSAMBLE 7013 BLANCO,FR-9303 / CB9721,35,FICHAS_INT_CAR
CM7014 BUJE MT PARA ENSAMBLE 7014,INY-7071B7C1,36,INYECCION
CM7015 BUJE PARA ENSAMBLE 7015,INY-7071B7C1,38,INYECCION
CM7016 BUJE PARA ENSAMBLE MT-7016,INY-7071B7C1,36,INYECCION
CM7017 BUJE PARA ENSAMBLE 7017,INY-7071B7C1,38,INYECCION
CM7018 BUJE PARA ENSAMBLE MT-7018,INY-7071B7C1,36,INYECCION
CM7019 BUJE PARA ENSAMBLE 7019,INY-7071B7C1,38,INYECCION
CM7021 BUJE PARA ENSAMBLE 7021,CM7002SPA,41,PULIDO
CM7022 BUJE PARA EMSAMBLE 7022,CM7002SPA,41,PULIDO
CM7023 BUJE PARA ENSAMBLE 7023,CM7002SPA,41,PULIDO
CM7024 BUJE PARA ENSAMBLE 7024,CM7002SPA,41,PULIDO
CM7025 BUJE PARA ENSAMBLE 7025,CM7002SPA,41,PULIDO
CM7029 BUJE PARA ENSAMBLE 7029,CM7002SPA,41,PULIDO
CM7030 BUJE MT PARA ENSAMBLE 7030,CM7002SPA,38,PULIDO
CM7032 BUJE MT PARA ENSAMBLE 7032,CM7002SPA,38,PULIDO
DE-1000 1000 BUJE TIJERA SALAMANDRA 3,INY-120DE7AA,33,INYECCION
FR-5000 5000 BUJE SUPLEMENTO PARA ESPIRAL  DE 90ML MEDIACAÑA,INY-505F9EA8,26,INYECCION
FR-5001 5001 BUJE SUPLEMENTO DE AMORTIGUADOR UNIVERSAL,INY-05001208,24,INYECCION
FR-5002 5002 BUJE SUPLEMETO AMORTIGUADOR TOYOTA HILUX VIGO Y TOYOTA TX Y TXL,INY-5512EEFA,20,INYECCION
FR-5002A 5002A  BUJE SUPLEMETO AMORTIGUADOR TOYOTA HILUX VIGO Y TOYOTA TX Y TXL 38MM,INY-8A0AB4A0,19,INYECCION
FR-5002B 5002B  BUJE SUPLEMETO AMORTIGUADOR TOYOTA HILUX VIGO Y TOYOTA TX Y TXL 21MM,INY-120DE7AA,21,INYECCION
FR-5003 5003 BUJE  SUPLEMENTO MAZDA BT-50 Y LUV DMAX 4X2,INY-4533EB9D,27,INYECCION
FR-5004 5004 BUJE SUPLEMENTO DE 100mm UNIVERSAL,21054bee,25,INYECCION
"FR-5005 5005 BUJE SUPLEMENTO DELANTERO Y TRASERO SUZUKI JIMNY, Y  TRASERO GRAND VITARA",INY-5512EEFA,21,INYECCION
FR-5006 5006 BUJE SUPLEMENTO NISSAN FRONTIER NP 300,INY-3064F8FE,29,INYECCION
"FR-5008 5008 BUJE SUPLEMENTO FORD RANGER LIMITED 3,2 MOD 2020",INY-05001208,25,INYECCION
FR-5009 5009 BUJE SUPLEMETO ELEVACION FORD 150,INY-0515F19B,28,INYECCION
"FR-5014 5014 BUJE SUPLEMENTO AMORTIGUADOR TOYOTA_x000D_
COROLLA CROSS",INY-1457016F,22,INYECCION
FR-5015 5015 SUPLEMENTO TRASERA TOYOTA COROLLA CROSS,INY-1457016F,25,INYECCION
FR-6000 6000 BUJE SUPLEMENTO DE CARGA PARA TOYOTA HILUX KIT X2,INY-F006ACE4,24,INYECCION
FR-6000R 6000R BUJE SUPLEMENTO DE CARGA PARA TOYOTA HILUX (REPUESTO).,INY-F006ACE4,23,INYECCION
FR-9001 9001 BUJE CONICO TRAILER GRANDE,INY-0B819CCD,31,INYECCION
FR-9002 9002 BUJE TRAILER INCA CONICO,INY-0429A0DB,33,INYECCION
FR-9003 9003 BUJE TRAILER QUINTA RUEDA,FR-9303 / CB9721,35,FICHAS_INT_CAR
FR-9004 9004 BUJE QUINTA RUEDA HOLAND HUECO PEQUEÑO,INY-44B0CBEE,29,INYECCION
FR-9006 9006 BUJE QUINTA RUEDA HOLLAND,INY-9086E6A4,32,INYECCION
FR-9007 9007 BUJE PARA BARRA DE TORSION OEM 44695,INY-44B0CBEE,30,INYECCION
FR-9008 9008 BUJE CORBATIN PARA BARRA DE TORSION 47691,INY-14B68DEA,27,INYECCION
FR-9301 9301 BUJE TORNILLO  AMORTIGUADOR Y ESTABILIZADORA TIPO UNIVERSAL SIN PESTAÑA,INY-3603DDEB,21,INYECCION
FR-9302 9302 BUJE PARA TORNILLO DE BARRA ESTABILIZADORA TIPO UNIVERSAL CON PESTAÑA,FR-9303 / CB9721,21,FICHAS_INT_CAR
FR-9303 9303 BUJE MUELLE PARA TOYOTA LAND CRUISER DELANTERO Y TRASERO,INY-8CDEAEEE,22,INYECCION
FR-9304 9304 BUJE DE MUELLE BALANCIN PARA CHEVROLET LUV,FR-9303 / CB9721,29,FICHAS_INT_CAR
FR-9305 9305 BUJE DE MUELLE HULE BALANCIN PARA SUZUKI SAMURAI Y CARRY,FR-9303 / CB9721,24,FICHAS_INT_CAR
FR-9306 9306 BUJE MUELLE HULE BALANCIN PARA ISUZO NKR PARTE TRASERA,FR-9303 / CB9721,25,FICHAS_INT_CAR
FR-9306HD 9306HD BUJE MUELLE HOJA NKR CON BUJE INTERNO METALICO TRABAJO PESADO,FR-9306HD,21,FICHAS_INT_CAR
FR-9306HDR 9306HDR BUJE MUELLE NKR CARCAZA Y BUJE INTERNO METALICO,FR-9306HDR,26,FICHAS_INT_CAR
FR-9307 9307 BUJE MUELLE TOYOTA HILUX LARGO,FR-9303 / CB9721,32,FICHAS_INT_CAR
FR-9308 9308 BUJE DE MUELLE PARA SUZUKI ZAMURAI GRUESO,FR-9303 / CB9721,26,FICHAS_INT_CAR
FR-9309 9309 BUJE MUELLE HULE DE BALANCIN PARA TOYOTA LAND CRUISER,INY-73993ABB,26,INYECCION
FR-9310 9310 BUJE PARTE FIJA NISSAN D/21/ CHEVROLET LUV1600,INY-9939AF1F,26,INYECCION
FR-9311 9311 BUJE MUELLE BALANCIN MONTERO MITSUBISHI LARGO,FR-9303 / CB9721,25,FICHAS_INT_CAR
FR-9312 9312 BUJE MUELLE BALANCIN MONTERO MITSUBISHI CORTO,INY-936A12CC,26,INYECCION
FR-9313 9313 BUJE MUELLE PARA ISUZO NKR/MITSUBISHI CANTER DELANTERO/ TOYOTA DYNA,INY-8CDEAEEE,22,INYECCION
FR-9313H 9313H BUJE MUELLE HOJA CON CARCAZA PARA MITSUBISHI CANTER,FR-9303 / CB9721,22,FICHAS_INT_CAR
"FR-9313HD 9313HD BUJE HOJA MUELLE HYUNDAHI HD 65, 72 Y 78",INY-77D1BEE1,26,INYECCION
FR-9314 9314 BUJE TIJERA BRAZO OXILANTE PARA CHEVROLET SPARK CHRONOS.,INY-44B0CBEE,22,INYECCION
"FR-9316 9316 BUJE BALANCIN MUELLE PARA MITSUBISHI MONTERO, L200, MAZDA",INY-38BACE22,22,INYECCION
"FR-9317 9317 BUJE DE MUELLE PARA NISSAN 620,720 TRASERO LISO PEQUEÑO",INY-77D1BEE1,23,INYECCION
"FR-9318 9318 BUJE CORTO DE MUELLE PARA NISSAN URBAN, KIA PREGIO Y GRAND PREGIO",INY-8CDEAEEE,27,INYECCION
FR-9319 9319 BUJE LARGO DE MUELLE (HULE BALANCIN) PARA NISSAN PATROL SD 33 TRASERO,INY-91EEAEE5,22,INYECCION
FR-9320 9320 BUJE DE MUELLE BALANCIN PARA NISSAN D-21 TODOS LOS MODELOS,FR-9303 / CB9721,24,FICHAS_INT_CAR
FR-9322 9322 BUJE MUELLE CON CARCAZA PARA ISUZ,FR-9303 / CB9721,27,FICHAS_INT_CAR
FR-9326 9326 BUJE MUELLE TOYOTA HILUX LARGO,INY-3265F93B,33,INYECCION
FR-9329 9329 BUJE BARRA ESTABILIZADORA TOYOTA HILUX-LUV 2300,INY-73993ABB,28,INYECCION
FR-9351 9351 BUJE ESTABILIZADORA NISSAN FRONTIER,INY-9939AF1F,30,INYECCION
FR-9352 9352 BUJE ESTABILIZADORA NISSAN PATHFINDER MONTERO,INY-5512EEFA,29,INYECCION
FR-9355 9355 BUJE ESTABILIZADORA LAND CRUISER BURBUJA,INY-9BBB3ACC,28,INYECCION
FR-9360 9360 BUJE ESTABILIZADORA NISSAN D21,FR-9303 / CB9721,39,FICHAS_INT_CAR
"FR-9363 9363 BUJE ESTABILIZADORA LAND CRUISER 4,5",INY-4533EB9D,30,INYECCION
FR-9378 9378 BUJE AMORTIGUADOR TOYOTA UNIVERSAL,INY-0393B784,27,INYECCION
FR-9380 9380  BUJE MUELLE DELANTERO NPR ENSAMBLADO,INY-8CDEAEEE,30,INYECCION
FR-9382 9382 BUJE MUELLE BALANCIN PARA TOYOTA LAND CRUISER,INY-38BACE22,29,INYECCION
FR-9401 9401 BUJE CHEVROLET LUV 1600; 2000; 2300,FR-9303 / CB9721,27,FICHAS_INT_CAR
FR-9402 9402 BUJE  CHEVROLET LUV 1600,FR-9303 / CB9721,32,FICHAS_INT_CAR
FR-9403 9403 BUJE CHEVROLET SAMURAI,FR-9303 / CB9721,37,FICHAS_INT_CAR
FR-9404 9404 BUJE CHEVROLET SAMURAI,INY-44B0CBEE,34,INYECCION
FR-9405 9405 BUJE  OEM GJ2134158/54718-43000 CHEVROLET MONZA,INY-F2342158,25,INYECCION
FR-9406 9406 BUJE OEM 111072881 CHEVROLET CHEVETTE GENERICA,INY-10729950,25,INYECCION
"FR-9407 9407 BUJE DAEWOO RACER ESPERO, CIELO",FR-9303 / CB9721,28,FICHAS_INT_CAR
FR-9408 9408 BUJE OEM JI2134158/8AG1-34100 MAZDA 626,INY-342B415A,28,INYECCION
FR-9409 9409 BUJE TORNILLO BARRA ESTABILIZADORA PARA MAZDA 323,INY-9744AEAD,24,INYECCION
FR-9410 9410 BUJE TORNILLO BARRA ESTABILIZADORA MAZDA 323,INY-742941BA,26,INYECCION
"FR-9411 9411 BUJE MAZDA B1600, B2000,B2200",INY-0944B1B0,30,INYECCION
FR-9412 9412 BUJE  CAMPERO GENERICO,INY-742941BA,39,INYECCION
FR-9413 9413 BUJE CAMPEROS GENERICO,INY-742941BA,34,INYECCION
FR-9414 9414 BUJE MITSUBISHI V6 3000,INY-0944B1B0,33,INYECCION
"FR-9415 9415 BUJE TOYOTA LAND CRUISER 4,5L",INY-5246C59E,33,INYECCION
FR-9416 9416 BUJE  CAMPERO GENERICO,INY-742941BA,35,INYECCION
FR-9417 9417 BUJE CAMPEROS GENERICO,INY-742941BA,34,INYECCION
FR-9418 9418 BUJE TORNILLO BARRA ESTABILIZADORA MAZDA HYUNDAI,INY-9744AEAD,27,INYECCION
FR-9419 9419 BUJE TORNILLO ESTABILIZADOR 5 1/2 SEPARADOR 40MM 3/8,INY-0515F19B,23,INYECCION
"FR-9420 9420 BUJE TOYOTA HILUX 2WD,4WD, RUNNER",INY-2944562E,35,INYECCION
FR-9421 9421 BUJE TORNILLO ESTABILIZADOR MAZDA 323 3/8*4 1/2 SEPARADOR DE 15 MM,INY-5512EEFA,20,INYECCION
FR-9422 9422 BUJE MUÑECO MITSUBISHI MONTERO,INY-9BF462BE,30,INYECCION
"FR-9423 9423 BUJE MUÑECO HYUNDAI ACCENT 5/16 ,  5 1/2_x000D_
SEPARADOR DE 35MM",INY-35A43283,21,INYECCION
FR-9430 9430 BUJE  MUÑECO RENAULT CLIO Y SYMBOL,INY-44B0CBEE,32,INYECCION
FR-9430 A 9430 A BUJE CON  PESTAÑA,FR-9303 / CB9721,39,FICHAS_INT_CAR
FR-9430 B 9430 B  BUJE MUÑECON SIN PESTAÑA,INY-30A43CA6,35,INYECCION
FR-9430 C 9430 C BUJE CON FIGURA,FR-9303 / CB9721,39,FICHAS_INT_CAR
FR-9431 9431 BUJE TORNILLO BARRA ESTABILIZADORA TIPO UNIVERSAL MUÑECO NPR,INY-9744AEAD,24,INYECCION
"FR-9450 9450 BUJE MAZDA B1600, B2000, B2200",59510b0e,33,INYECCION
FR-9451 9451 BUJE CAMPERO GENERICO,INY-5512EEFA,35,INYECCION
FR-9452 9452 BUJE CAMPEROS GENERICO,INY-5512EEFA,34,INYECCION
FR-9453 9453 BUJE MITSUBISHI V6 3000,FR-9945,33,FICHAS_INT_CAR
FR-9454 9454 BUJE TORNILLO BARRA ESTABILIZADORA MAZDA HYUNDAI,INY-9744AEAD,27,INYECCION
FR-9455 9455 BUJE MUÑECO MITSUBISHI MONTERO,INY-4500E455,30,INYECCION
"FR-9456 9456 BUJE TOYOTA HILUX 2WD,4WD, RUNNER",INY-2944562E,39,INYECCION
FR-9457 9457 BUJE CAMPERO GENERICO,INY-B49057BF,35,INYECCION
FR-9458 9458 BUJE CHEVROLET SAMURAI,INY-44B0CBEE,34,INYECCION
FR-9459 9459 BUJE CHEVROLET SAMURAI,INY-44B0CBEE,34,INYECCION
FR-9460 9460 BUJE OME GJ2134158/54718-43000 CHEVROLET MONZA,INY-0969EF13,28,INYECCION
"FR-9461 9461 BUJE OEM 11072881 CHEVROLET CHEVETTE, GENERICA",086146ca,24,INYECCION
"FR-9462 9462 BUJE OEM 11087522 DAEWOO RACER, ESPERO, CIELO",INY-2944562E,26,INYECCION
FR-9463 9463 BUJE OEM JI2134158/8AG1-34100 MAZDA 626,INY-342B415A,28,INYECCION
FR-9464 9464 BUJE TORNILLO BARRA ESTABILIZADORA MAZDA 323,INY-2944562E,26,INYECCION
"FR-9465 9465 BUJE TOYOTA LAND CRUISER 4,5L",INY-5246C59E,37,INYECCION
FR-9466 9466 BUJE CAMPEROS GENERICO,FR-9946,33,FICHAS_INT_CAR
FR-9467 9467 BUJE TORNILLO ESTABILIZADOR NISSAN DATSUN 1200,INY-120DE7AA,28,INYECCION
"FR-9468 9468 BUJE MUÑECO HYUNDAI ACCENT 5/16, 5 1/2",INY-1B656468,33,INYECCION
FR-9469 9469 BUJE TORNILLO PARA BARRA ESTABILIZADORA PARA MAZDA,INY-9744AEAD,24,INYECCION
FR-9609 9609 RB-410 BUJE MUELLE PARTE FIJA CHEVROLET LUV 2300,9999caae,23,INYECCION
FR-9622 9622 BUJE MUELLE SUAVIZADOR UNIVERSAL,INY-9BF462BE,28,INYECCION
FR-9628 9628 BUJE MUELLE HULE BALANCIN CORTO PARA MITSUBISHI MONTERO.,INY-68BA7B4E,22,INYECCION
FR-9629 9629 BUJE MUELLE HULE BALANCIN LARGO PARA MITSUBISHI MONTERO.,INY-9BF462BE,20,INYECCION
FR-9630 9630 BUJE INFERIOR BALANCIN MUELLE TRASERO MAZDA SERIE B,FR-9303 / CB9721,26,FICHAS_INT_CAR
FR-9631 9631 BUJE AMORTIGUADOR DE 1 PARA MERCEDES BENZ,INY-1C319661,27,INYECCION
FR-9632 9632 BUJE SUSPENSION PARA BARRA ESTABILIZADORA CON PESTAÑA,INY-D232EEE8,23,INYECCION
FR-9632N 9632N BUJE SUSPENSION PARA BARRA ESTABILIZADORA CON PESTAÑA NEGRO,INY-D232EEE8,21,INYECCION
FR-9633 9633 BUJE COMPENSADOR AMORTIGUADOR UNIVERSAL MEDIANO,INY-6D3ADC7A,25,INYECCION
FR-9634 9634 BUJE CONICO PARA AMORTIGUADOR MEDIANO ATOS,INY-3C624AAD,27,INYECCION
FR-9636 9636 BUJE TIJERA SPRINT,INY-3265F93B,37,INYECCION
FR-9640 9640 BUJE BARRA ESTABILIZADORA LUV DMAX,FR-9306HDR,28,FICHAS_INT_CAR
FR-9658 9658 BUJE MUELLE BALANCIN RB-414 SOLO POLIURETANO,INY-44B0CBEE,29,INYECCION
FR-9672 9672 BUJE MUELLE BALANCIN PARA NKR/NHR POLIURETANO,INY-9BF462BE,23,INYECCION
FR-9701 9701 BUJE CHANA HAFEI SUSPENSION,INY-77D1BEE1,35,INYECCION
FR-9702 9702 BUJE TOYOTA NEW HILUX VIGO 2007 LARGO,INY-79AB722F,32,INYECCION
FR-9703 9703 BUJE TOYOTA HILUX VIGO 2007 CORTO,FR-9303 / CB9721,30,FICHAS_INT_CAR
FR-9704 9704 BUJE MUELLE CHEVROLET N200 CHANA CORTO,09eaaee2,27,INYECCION
FR-9705 9705 BUJE MUELLE PARTE FIJA CHINOS,INY-1702535B,30,INYECCION
FR-9706 9706 BUJE BALANCIN DELANTERO HYUNDAI ENSAMBLADO COMPLETO,INY-90336979,24,INYECCION
FR-9707 9707 BUJE BALANCIN HYUNDAI CONTY ENSAMBLADO COMPLETO,INY-90336979,22,INYECCION
FR-9708 9708 BUJE BALANCIN MUELLE DAIHATSU F-20,INY-52970766,27,INYECCION
FR-97089 97089 BUJE BARRA ESTABILIZADORA RENAULT SYMBOL,INY-90336979,27,INYECCION
FR-9709 9709 BUJE TEMPLETE PARA CHINOS TODAS LAS SERIES,9999caae,25,INYECCION
FR-9710 9710 BUJE AMORTIGUADOR DELANTERO TOYOTA NEW HILUX VIGO 2007,INY-07DBDAE9,28,INYECCION
FR-9711 9711 BUJE PARTE FIJA DAIHATSU F-20 TODOS - CHEVROLET N400 Y  N300 MODELO NUEVO,INY-77D1BEE1,21,INYECCION
FR-9712 9712 BUJE PARTE FIJA HYUNDAI CON INTERNO,INY-9271F7A2,30,INYECCION
FR-9713 9713 BUJE PARTE TENSORA TRAILER ORINOCO,FR-9303 / CB9721,30,FICHAS_INT_CAR
FR-9714 9714 BUJE SUAVIZADOR MEDIANO,INY-14E4B23E,33,INYECCION
FR-9715 9715 BUJE SUAVIZADOR GRANDE,INY-77D1BEE1,34,INYECCION
FR-9716 9716 BUJE SUAVIZADOR PEQUEÑO,INY-77D1BEE1,34,INYECCION
FR-9717 9717 BUJE PARA TENSORA TRAILER ORINOCO GRANDE,INY-77D1BEE1,28,INYECCION
FR-9718 9718 BUJE BALANCIN FOTON CAMION,INY-97129E78,35,INYECCION
FR-9719 9719 BUJE FOTON (AUMARK),FR-9779,38,FICHAS_INT_CAR
FR-9720 9720 BUJE PARTE FIJA FRONTIER GRUESO,FR-9303 / CB9721,31,FICHAS_INT_CAR
FR-9721 9721 BUJE CHASIS NPR 39 mm (ENSAMBLADO),FR-9303 / CB9721,31,FICHAS_INT_CAR
FR-9722 9722 RB 413 BUJE PARTE FIJA NPR 2011,INY-11325997,32,INYECCION
FR-9723 9723 RB 440 BUJE PARTE FIJA NPR 2011,INY-14E4B23E,32,INYECCION
FR-9724 9724 BUJE BALANCIN NISSAN FRONTIER,INY-44B0CBEE,37,INYECCION
FR-9725 9725 BUJE DAIHATSU F20 LARGO,9759aa2f,36,INYECCION
FR-9726 9726 BUJE ESTABILIZADORA VIGO HIACE,INY-296D0CE6,29,INYECCION
FR-9727 9727 BUJE TIJERA INFERIOR PEQUEÑO NISSAN TIIDA MICRA,INY-77D1BEE1,23,INYECCION
FR-9728 9728 BUJE NPR TAPAS,FR-9782,41,FICHAS_INT_CAR
FR-9729 9729 BUJE MUELLE PARTE FIJA NISSAN FRONTIER 20mm,INY-9939AF1F,26,INYECCION
FR-9730 9730 BUJE NKR-NHR CHASIS,FR-9303 / CB9721,39,FICHAS_INT_CAR
FR-9731 9731 BUJE MUELLE CHEVROLET N300 2015 Corto,INY-591EE0EE,29,INYECCION
FR-9732 9732 BUJE MUELLE TOYOTA MONJITA VENEZOLANA,INY-739D532B,29,INYECCION
FR-9733 9733 BUJE MUELLE NISSAN SUPER URBAN LARGO,FR-9303 / CB9721,29,FICHAS_INT_CAR
FR-9734 9734 BUJE MUELLE NISSAN SUPER URBAN CORTO,INY-44B0CBEE,30,INYECCION
FR-9735 9735 BUJE TIJERA MAZDA Y FORD RANGER BT-50 MOD 2008 - 2013,INY-58037BAE,26,INYECCION
FR-9736 9736 BUJE MUELLE NISSAN NAVARA LARGO,INY-90336979,29,INYECCION
FR-9737 9737 BUJE SUAVIZADOR MERCEDES BENZ,INY-737B2BC3,30,INYECCION
FR-9738 9738 BUJE MUELLE PARTE FIJA MAZDA SERIE B (REFORZADO),INY-9939AF1F,23,INYECCION
FR-9738R 9738R BUJE MUELLE PARTE FIJA MAZDA SERIE B CON INT,INY-8CDEAEEE,25,INYECCION
FR-9739 9739 BUJE MUELLE ISUZO NHR/NKR TAPAS,INY-73993ABB,32,INYECCION
FR-9740 9740 BUJE SUPERIOR DE TIJERA DE LUV 2300,0040eded,29,INYECCION
FR-9741 9741 BUJE BALANCIN LARGO TOYOTA HIACE,INY-742941BA,35,INYECCION
FR-9742 9742 BUJE BARRA ESTABILIZADORA HINO PEQUEÑO,INY-9744AEAD,35,INYECCION
FR-9743 9743 BUJE BARRA ESTABILIZADORA HINO GRANDE,INY-9744AEAD,35,INYECCION
FR-9744 9744  BUJE BALANCIN FORD RANGER CORTO 2015,INY-9744AEAD,30,INYECCION
FR-9745 9745 BUJE BALANCINFORD RANGER MODELO 2015 LARGO,INY-9744AEAD,30,INYECCION
FR-9746 9746 BUJE BARRA TEMPLETE HINO,INY-742941BA,37,INYECCION
FR-9747 9747 BUJE TOYOTA LAND CRUISER VENEZOLANA,INY-742941BA,30,INYECCION
FR-9748 9748 BUJE SUAVISADOR HOJA ECUADOR,INY-9744AEAD,34,INYECCION
FR-9749 9749 BUJE  SUAVISADOR DMAX,INY-742941BA,36,INYECCION
FR-9750 9750 BUJE PARTE FIJA VIGO 23MM (BUJE ENSAMBLE 9739),FR-9303 / CB9721,25,FICHAS_INT_CAR
FR-9751 9751 BUJE BARRA ESTABILIZADORA FORD CARGO,FR-9303 / CB9721,25,FICHAS_INT_CAR
FR-9752 9752 BUJE BARRA ESTABILIZADORA MAZDA BT-50,INY-58037BAE,26,INYECCION
"FR-9753 9753 BUJE MUELLE MERCEDES BENZ ATEGO 1725 , 1016",INY-10729950,27,INYECCION
FR-9754 9754 BUJE MUELLE MERCEDES BENZ ATEGO LO 1726,7679ebfe,27,INYECCION
FR-9755 9755 BUJE MUELLE MERCEDES BENZ LO-814,FR-9795,27,FICHAS_INT_CAR
FR-9756 9756 BUJE PUNTA DE BARRA ESTABILIZADORA VOLSWAGEN CAMION 1800,INY-16E7EADE,25,INYECCION
FR-9756 H 9756 H BUJE PUNTA DE BARRA ESTABILIZADORA VOLSWAGEN CAMION 1800 HEMBRA,INY-16E7EADE,22,INYECCION
FR-9756 M 9756 M BUJE PUNTA DE BARRA ESTABILIZADORA VOLSWAGEN CAMION 1800 MACHO,INY-16E7EADE,22,INYECCION
FR-9757 9757 BUJE BALANCIN N300 LARGO,INY-175B77B7,33,INYECCION
FR-9758 9758 BUJE MUELLE DAIHATSU DELTA,FR-9795,30,FICHAS_INT_CAR
FR-9759 9759 BUJE MUELLE DAIHATSU SUPER DELTA,FR-9779,27,FICHAS_INT_CAR
"FR-9760 9760 BUJE AMORTIGUADOR TOYOTA PRADO VIGO, TOYOTA HIACE",09aecdaa,23,INYECCION
"FR-9761 9761 BUJE AMORTIGUADOR CARRETA UNIVERSAL, PUNTA BARRA ESTABILIZADORA NHR",INY-77D1BEE1,20,INYECCION
FR-9762 9762 BUJE CONICO AMORTIGUADOR NPR/NHR/NKR,INY-9C262D6B,30,INYECCION
FR-9763 9763 BUJE NISSAN MT 3000,INY-0969EF13,41,INYECCION
"FR-9764 9764 BUJE BARRA ESTABILIZADORA NPR, NKR, NHR",INY-9744AEAD,32,INYECCION
FR-9765 9765 BUJE TOPE AUXILIAR NPR / NHR / NKR,INY-76253970,29,INYECCION
FR-9766 9766 BUJE TIJERA SUPERIOR NISSAN FRONTIER,INY-77D1BEE1,26,INYECCION
FR-9767 9767 BUJE TOPE AUXILIAR MUELLE TOYOTA HAICE / JINBEI HAISE,INY-77D1BEE1,24,INYECCION
FR-9768 9768 BUJE TOPE AUXILIAR MUELLE HYUNDAI MITSUBHISHI CANTER,INY-97129E78,23,INYECCION
FR-9769 9769 BUJE BALANCIN CHERRY YOYO LARGO,INY-90336979,32,INYECCION
FR-9770 9770 BUJE BARRA ESTABILIZADORA MERCEDES BENZ LO 814 ATEGO 1725 Y 1726,INY-58037BAE,22,INYECCION
FR-9771 9771 BUJE BARRA ESTABILIZADORA CHEVROLET SPARK 724,INY-77D1BEE1,23,INYECCION
FR-9772 9772 BUJE BARRA ESTABILIZADORA CHEVROLET N200 Y CHINOS,INY-9BBB3ACC,24,INYECCION
"FR-9773 9773 BUJE CHEVROLET / DFSK CITYVAN C37, C35 Y C31",INY-9BEC3513,33,INYECCION
FR-9774 9774 BUJE BARRA TENSORA NISSAN PATROL,INY-742941BA,32,INYECCION
FR-9775 9775 BUJE AMORTIGUADOR KENWORTH (CABINAS),INY-77D1BEE1,27,INYECCION
FR-9776 9776 BUJE BARRA ESTABILIZADORA HYUNDAI i10 Y KIA PICANTO,INY-7E66DF0A,29,INYECCION
FR-9777 9777 BUJE BARRA ESTABILIZADORA HYUNDAI STAREX,INY-9744AEAD,25,INYECCION
"FR-9778 9778 BUJE TOYOTA 4,5 PESTAÑA ANCHA",INY-F5878EE5,30,INYECCION
FR-9779 9779 BUJE TIJERA SUPERIOR DMAX 4X2,FR-9779,29,FICHAS_INT_CAR
FR-9780 9780 BUJE TIJERA INFERIOR D MAX 4X2,INY-490DF3FA,33,INYECCION
"FR-9781 9781 BUJE ESCOPETA TOYOTA, BURBUJA NISSAN PATROL CENTRADO",INY-9BBB3ACC,29,INYECCION
FR-9782 9782 BUJE TIJERA SUPERIOR TOYOTA PRADO,INY-97129E78,31,INYECCION
"FR-9783 9783 BUJE CHEVROLET LUV ESPECIAL, FOTON Y JAC T6",INY-07D336CE,27,INYECCION
"FR-9784 9784 BUJE BARRA TENSORA CHEVROLET N300 / DFSK CITYVAN C37, C35 Y C31",INY-9BEC3513,26,INYECCION
FR-9785 9785 BUJE CILINDRO 75 X 45 X 25,INY-58513975,35,INYECCION
FR-9786 9786 BUJE SUZUKI GRAND VITARA SZ,FR-9766,30,FICHAS_INT_CAR
FR-9787 9787 BUJE BARRA ESTABILIZADORA AVEO,FR-9779,28,FICHAS_INT_CAR
FR-9788 9788 BUJE BARRA ESTABILIZADORA CORSA,878caebf,31,INYECCION
FR-9788C 9788C BUJE BARRA ESTABILIZADORA CHINOS INT 20ML,INY-8075CCCE,26,INYECCION
FR-9789 9789 BUJE BARRA ESTABILIZADORA RENAULT SYMBOL,INY-68BA7B4E,28,INYECCION
FR-9790 9790 BUJE MUELLE MAZDA BT-50,FR-9707,33,FICHAS_INT_CAR
FR-9791 9791 BUJE BARRA TENSORA LUV 2300/ TROOPER,FR-9303 / CB9721,29,FICHAS_INT_CAR
FR-9792 9792 BUJE VARILLA TENSORA MAZDA B2000,INY-79AB722F,28,INYECCION
FR-9793 9793 BUJE BALANCIN INFERIOR CHERY YOYO CORTO,INY-73993ABB,34,INYECCION
FR-9794 9794 BUJE MUELLE UAZ,FR-9779,40,FICHAS_INT_CAR
FR-9795 9795 BUJE MUELLE VOLKSWAGEN BENZ 515 GRANDE,INY-5512EEFA,25,INYECCION
FR-9796 9796 BUJE MUELLE VOLKSWAGUEN CRAFTER Y MERCEDES BEN PEQUEÑO,INY-9939AF1F,23,INYECCION
FR-9797 9797 BUJE PUNTA DE BARRA ESTABILIZADORA MERCEDES BENZ,INY-73993ABB,25,INYECCION
FR-9798 9798 BUJE DE TIJERA VOLKSWAGEN TIPO 4,INY-77D1BEE1,28,INYECCION
FR-9799 9799 BUJE TIJERA DE VOLKSWAGEN TIPO 4 PEQUEÑO,INY-77D1BEE1,25,INYECCION
FR-9800 9800 BUJE CAJA DE DIRECCION TOYOTA PRADO,INY-89E0EDD3,30,INYECCION
FR-9801 9801 BUJE BARRA ESTABILIZADORA RENAULT DUSTER,INY-0E18A1A2,25,INYECCION
FR-9802 9802 BUJE MUELLE WILLYS,INY-86258102,37,INYECCION
FR-9803 9803 BUJE MUELLE VERSION ESPECIAL LUV  40 X 16,INY-6EC1AEEB,28,INYECCION
"FR-9804 9804 BUJE BARRA TENSORA DELANTERA CHERY  X1, QQ6",09aecdaa,26,INYECCION
FR-9805 9805 BUJE SUAVIZADOR CUADRADO PESTAÑA OVALADA,INY-89E0EDD3,25,INYECCION
FR-9806 9806 BUJE BARRA TENSORA HYUNDAI H-106 GRACE Y STAREX / MITSUBISHI L300,INY-0969EF13,25,INYECCION
FR-9807 9807 BUJE BARRA ESTABILIZADORA NAVARA NEW FRONTIER,INY-58037BAE,26,INYECCION
FR-9808 9808 BUJE ESPECIAL LUV GRUESO EXT 39 INT 16,INY-9C0CE0FE,29,INYECCION
FR-9809 9809 BUJE BARRA ESTABILIZADORA MERCEDES BENZ   LO 915,INY-58037BAE,23,INYECCION
FR-9810 9810  BUJE SILEN DE HOJA DE MUELLE,INY-91EEAEE5,38,INYECCION
FR-9811 9811 BUJE SUVISADOR UNIVERSAL,INY-89688D1F,33,INYECCION
FR-9812 9812 BUJE BARRA ESTABILIZADORA VOLVO,FR-9821,27,FICHAS_INT_CAR
FR-9813 9813 BUJE  TENSORA VOLVO (JUEGO),FR-9831,32,FICHAS_INT_CAR
FR-9814 9814 BUJE CHASIS Y BALANCIN LAND ROVER,INY-44B0CBEE,34,INYECCION
FR-9815 9815 BUJE CARRETA UNIVERSAL CON INTERNO,INY-158CCACD,31,INYECCION
FR-9816 9816 BUJE BARRA ESTABILIZADORA LUV DMAX RT-50 2016,INY-0515F19B,23,INYECCION
FR-9817 9817 BUJE BARRA ESTABILIZADORA HINO FC CON PESTAÑA,INY-9BBB3ACC,26,INYECCION
FR-9818 9818 BUJE BARRA ESTABILIZADORA HINO SIN PESTAÑA,INY-89688D1F,27,INYECCION
FR-9819 9819 BUJE MUESTRA IVECO,INY-9939AF1F,33,INYECCION
FR-9820 9820 BUJE TIJERA DE MAZDA B-2000,INY-89E0EDD3,31,INYECCION
FR-9821 9821 BUJE TIJERA MONTERO MITSUBISHI V6 Y NATIVA,INY-89688D1F,27,INYECCION
FR-9822 9822 BUJE TIJERA MAZDA INFERIOR B 2600 2200 Y BT-50,INY-20803252,28,INYECCION
FR-9823 9823 BUJE (JUEGO) DE BARRA ESTABILIZADORA TOYOTA PUNTA,INY-38BACE22,25,INYECCION
FR-9824 9824 BUJE TOYOTA DE ESCOPETA DESCENTRADO ( SUSPENSIÓN AUSTRALIANA),INY-9744AEAD,27,INYECCION
FR-9825 9825 BUJE TOPE AUXILIAR MUELLE HINO,INY-86258102,29,INYECCION
"FR-9826 9826 BUJE ESCOPETA DE TOYOTA BURBUJA 4,5 NISSAN PATROL",INY-9BBB3ACC,27,INYECCION
FR-9827 9827 BUJE BARRA ESTABILIZADORA MERCEDES BENZ,FR-9782,24,FICHAS_INT_CAR
"FR-9828 9828 BUJE BALANCIN HOJA TOYOTA HILUX VIGO 2013 31,50 EXT 19 INT",INY-90336979,24,INYECCION
FR-9829 9829 BUJE BARRA ESTABILIZADORA NISSAN CABSTAR Y MT 3000,INY-38BACE22,27,INYECCION
FR-9830 9830 BUJE MUELLE HOJA TRASERA NPR 2008,FR-9303 / CB9721,30,FICHAS_INT_CAR
FR-9831 9831 BUJE BARRA ESTABI MERCEDES BENZ 815,INY-85851E8B,27,INYECCION
FR-9832 9832 BUJE BARRA ESTABILIADORA N300 CHEVROLET,INY-38BACE22,28,INYECCION
"FR-9833 9833 BUJE BASE AMORTIGUADOR DELANTERO, RENAUL, LOGAN, DUSTER Y SANDERO",INY-8CDEAEEE,23,INYECCION
"FR-9834 9834 BUJE CAJA DE DIRECCION  RENAULT CLIO, SYMBOL Y MEGANE",INY-38BACE22,26,INYECCION
FR-9835 9835 BUJE MUELLE 40mm X 19mm X 30mm POR UNIDAD,FR-9303 / CB9721,26,FICHAS_INT_CAR
FR-9836 9836 KIT BUJE MUELLE (REMPLAZO BUJE RB-410),INY-0969EF13,26,INYECCION
FR-9837 9837 BUJE MUÑECO HIUNDAI ATOS,INY-9939AF1F,33,INYECCION
FR-9838 9838 BUJE MUELLE MITSUBISHI CANTER Y TOYOTA DYNA SOLO POLIURETANO,INY-8CDEAEEE,24,INYECCION
FR-9839 9839 BUJE SUAVIZADOR BOLIVIA,INY-9939AF1F,33,INYECCION
FR-9840 9840 BUJE AMORTIGUADOR UNIVERSAL OEM 368150,INY-CC6D1949,25,INYECCION
FR-9841 9841 BUJE BALANCIN LARGO TOYOTA HI-ACE,INY-485EBA3B,31,INYECCION
"FR-9842 9842 BUJE CHERY VAN 2020, CHERY PRACTIVAN",INY-02CCAE9F,30,INYECCION
FR-9843 9843 BUJE PARTE FIJA N300 44 X 20,INY-C2748743,30,INYECCION
"FR-9844 9844 BUJE CHERY VAN YOYO 2020 56 X 11, CHERY PRACTIVAN",INY-02CCAE9F,27,INYECCION
FR-9845 9845 KIT BUJE BALANCIN LARGO TOYOTA HIACE,INY-44B0CBEE,33,INYECCION
FR-9846 9846 BUJE TOPE AMORTIGUADOR DELANTERO SSANYONG REXTON KYRON,INY-1E869467,23,INYECCION
FR-9847 9847 BUJE CONICO DE 14 ML,b1988eef,34,INYECCION
FR-9848 9848 BUJE CONICO DE 14ML,b1988eef,35,INYECCION
FR-9849 9849 BUJE CARRETA UNIVERSAL,9999caae,37,INYECCION
FR-9850 9850 BUJE MUELLE BALANCIN RB-414 CON INTERNO,INY-4159C850,31,INYECCION
FR-9851 9851 BUJE MUELLE PARTE FIJA HYUNDAI COUNTY,INY-85851E8B,29,INYECCION
FR-9852 9852 BUJE BARRA ESTABILIZADORA TOYOTA HILUX OEM:48815-0K040,INY-0433195D,23,INYECCION
FR-9853 9853 BUJE BARRA ESTABILIZADORA TOYOTA HILUX-4 RUNNER FORTUNER,INY-4533EB9D,27,INYECCION
FR-9854 9854 BUJE CONICO AMORTIGUADOR UNIVERSAL OEM 327037,INY-03C8C84E,26,INYECCION
FR-9855 9855 BUJE AMORTIGUADOR UNIVERSAL OEM 368120,INY-58715855,29,INYECCION
FR-9856 9856 BUJE CONICO AMORTIGUADOR UNIVERSAL 368121,INY-682A656F,27,INYECCION
"FR-9857 9857 BUJE TIJERA DELANTERA SUBARU FORESTER, LEGACY, OUTBACK MOD 2006 EN ADELANTE",INY-8CDEAEEE,20,INYECCION
FR-9858 9858 BUJE AMORTIGUADOR DE 14MM Y 35MM,INY-58513975,28,INYECCION
FR-9859 9859 BUJE AMORTIGUADOR DE 14MM Y 42MM,INY-0429A0DB,28,INYECCION
FR-9860 9860 BUJE PUNTA  BARRA ESTABILIZADORA NPR,INY-68BA7B4E,30,INYECCION
FR-9861 9861 BUJE AMORTIGUADOR DE 14MM Y 37MM,INY-1C319661,32,INYECCION
FR-9862 9862 BUJE CILINDRICO CABINA 60 X 60 X 12,INY-606624A0,30,INYECCION
FR-9863 9863 BUJE MUELLE CHANA PICK UP PARTE CHASIS,INY-38BACE22,25,INYECCION
"FR-9864 9864 BUJE AMORTIGUADOR PARA FORD RANGER 2016,2018 Y 2021",INY-05001208,26,INYECCION
FR-9865 9865 BUJE TOYOTA ESPECIAL 16 ML,INY-682A656F,31,INYECCION
FR-9866 9866 BUJE BARRA ESTABILIZADORA NISSAN PICKUP,INY-8C668ADD,28,INYECCION
FR-9867 9867 BUJE TIJERA CHEVROLET AVEO SAIL 1.4 / 1.6,INY-1E869467,25,INYECCION
FR-9868 9868 BUJE BARRA ESTABILIZADORA CHEVROLET LUV 2300 4X2 4X4 TROOPER,FR-9306HDR,22,FICHAS_INT_CAR
FR-9869 9869 BUJE BARRA ESTABILIZADORA MITSUBISHI LANCER GALANT,INY-68BA7B4E,24,INYECCION
FR-9870 9870 BUJE BARRA ESTABILIZADORA HONDA CIVIC 2001 ….DELANTERA,INY-8075CCCE,23,INYECCION
FR-9871 9871 BUJE BARRA ESTABILIZADORA HONDA CRV DELANTERA,INY-77D1BEE1,26,INYECCION
FR-9872 9872 BUJE BARRA ESTABILIZADORA HONDA CRV TRASERA,INY-737B2BC3,24,INYECCION
"FR-9873 9873 BUJE AMORTIGUADOR TOYOTA TACOMA, RUNNER, VIGO",INY-73993ABB,26,INYECCION
FR-9874 9874 BUJE BARRA ESTABILIZADORA MAZDA ALLEGRO TRASERA,INY-9744AEAD,25,INYECCION
FR-9875 9875 BUJE UNIVERSAL PARA AMORTIGUADOR,INY-58513975,28,INYECCION
FR-9876 9876 BUJE BARRA ESTABILIZADORA TOYOTA COROLLA 2002.,INY-68BA7B4E,26,INYECCION
FR-9877 9877 BUJE CONICO UNIVERSAL,FR-9779,34,FICHAS_INT_CAR
FR-9878 9878 BUJE PARA BRAZO TENSOR DE DIRECCION TOYOTA HILUX - 4 RUNNER,INY-89688D1F,24,INYECCION
FR-9879 9879 BUJE PARA BRAZO DIRECCION TOYOTA HILUX,INY-68BA7B4E,29,INYECCION
FR-9880 9880 BUJE BARRA ESTABILIZADORA TOYOTA 22R 4X2 … 84,INY-0429A0DB,24,INYECCION
"FR-9881 9881 BUJE KIT PALANCA DE CAMBIOS TOYOTA CELICA, FORYUNER, HILUX, TACOMA MOD 95-04",INY-0B819CCD,22,INYECCION
FR-9881B 9881B BUJE KIT PALANCA DE CAMBIOS TOYOTA,INY-89688D1F,33,INYECCION
FR-9882 9882 BUJE TOPE MUELLE DELANTERO NKR Y NPR COMPLETO,INY-8CDEAEEE,31,INYECCION
FR-9882R 9882R BUJE REPUESTO TOPE MUELLE DELANTERO NPR Y NKR,INY-8CDEAEEE,28,INYECCION
"FR-9883 9883 BUJE BARRA ESTABILIZADORA TOYOTA FJ CRUISER, DINA, FORD RANGER Y PRADO 150 Y TXL",INY-38BACE22,19,INYECCION
FR-9884 9884 BUJE BARRA ESTABILIZADORA HYUNDAI H1 / SANTA FE / TUCSON / SONATA,INY-9744AEAD,24,INYECCION
FR-9885 9885 BUJE BARRA ESTABILIZADORA EJE DELANTERO FIAT Y MITSUBISHI L200,INY-8CDEAEEE,23,INYECCION
FR-9886 9886 BUIJE BARRA ESTABILIZADORA TOYOTA 4 RUNNER LAND CRUISER PRADO Y TOYOTA TX,INY-68BA7B4E,20,INYECCION
FR-9887 9887 BUJE BARRA ESTABILIZADORA MITSUBISHI CANTER FUSO,878caebf,23,INYECCION
FR-9888 9888 BUJE MUELLE PARTE BALANCIN HAFEI CHINOS,INY-38BACE22,25,INYECCION
FR-9889 9889 BUJES MUELLE VEHICULOS CHINOS,INY-85851E8B,26,INYECCION
FR-9890 9890 BUJE BARRA ESTABILIZADORA DELANTERO CHEVROLET-SUZUKI VITARA-GRAND VITARA - SAMURAI,INY-8CDEAEEE,17,INYECCION
FR-9891 9891 BUJE PALANCA DE CAMBIOS TOYOTA (MEDIDA ESPECIAL),INY-8CDEAEEE,28,INYECCION
FR-9892 9892 BUJE PARA BRAZO TENSOR DE DIRECCION TOYOTA HILUX -4 RUNNER INT 16,INY-68BA7B4E,22,INYECCION
FR-9893 9893 BUJE TIJERA CHEVROLET AVEO - SAIL,INY-9939AF1F,29,INYECCION
FR-9894 9894 BUJE BARRA ESTABILIZADORA CHEVROLET SAIL DELANTERA,INY-8CDEAEEE,24,INYECCION
FR-9896 9896 BUJE MUELLE TOYOTA 22R SENCILLO,INY-BA2A26BF,29,INYECCION
"FR-9902 9902 BUJE BARRA TENSORA ISUZU PUB, KB",INY-9939AF1F,29,INYECCION
"FR-9903 9903 BUJE MUELLE ESPECIAL 18,2 X 30 X 70",FR-9303 / CB9721,29,FICHAS_INT_CAR
"FR-9904 9904 BUJE MUELLE ESPECIAL 18,2 X 30 X 76",INY-10729950,27,INYECCION
FR-9905 9905 BUJE PARA BALANCIN DOBLE ACCIÓN BDF-001 Y 002,INY-10729950,32,INYECCION
FR-9906 9906 BUJE BARRA ESTABILIZADORA TOYOTA PRADO 4 RUNNER CORAXI 02-08,INY-006A5C5A,24,INYECCION
FR-9907 9907 BUJE BARRA TENSORA TOYOTA HIACE (03-12),INY-10729950,32,INYECCION
FR-9908 9908 BUJE BRAZO DELANTERO SUPERIOR NISSAN URVAN,INY-8A0AB4A0,24,INYECCION
FR-9909 9909 BUJE BARRA ESTABILIZADORA HYUNDAI TERRACAN 2001-07,INY-10729950,24,INYECCION
"FR-9910 9910 BUJE ACOPLE ESTRELA PARA CAJA DE DIRECCION HYUNDAI ACCENT 2011, ELANTRA  - KIA RIO",INY-8CDEAEEE,19,INYECCION
"FR-9911 9911 BUJE BRAZO OSCILANTE NISSAN NAVARA, D21,720 Y CABSTAR",INY-9939AF1F,26,INYECCION
FR-9912 9912 BUJE BARRA ESRABILIZADORA DELANTERA NISSAN URVAN NV350 / E26,INY-BA2A26BF,24,INYECCION
"FR-9913 9913 BUJE BARRA ESTABILIZADORA DELANTERA NPR REWARD, NKR REWARD NQR REWARD",INY-73993ABB,19,INYECCION
FR-9914 9914 BUJE BARRA TENSORA HYUNDAI STAREX 97..,INY-742941BA,30,INYECCION
FR-9915 9915 BUJE TOPE MUELLE SUSPENSION TRASERA TOYOTA HILUX VIGO REVO,INY-591EE0EE,27,INYECCION
FR-9916 9916 BUJE DE AMORTIGUADOR PARA MERCEDES CON INTERNO,INY-9939AF1F,23,INYECCION
"FR-9917 9917 BUJE BARRA ESTABILIZADORA TRASERA NISSAN FRONTIER NP300, NAVARA Y RENAULT ALASKAN",INY-9939AF1F,19,INYECCION
FR-9918 9918 BUJE MUELLE HULE BALANCIN PARA MITSUBIHI L200 SPORTERO 2018 ….,9999caae,20,INYECCION
FR-9919 9919 BUJE BARRA ESTABILIZADORA TRASERO HYUNDAI COUNTY 4X2 MODELO 2010,INY-0429A0DB,20,INYECCION
FR-9920 9920 BUJE TEMPLETE BARA ESTABILIZADORA TOYOTA 1999 - 2016,INY-191C6219,24,INYECCION
FR-9921 9921 BUJE BARRA ESTABILIZADORA DELANTERA HYUNDAI COUNTY 4X2 2010 ………,INY-0429A0DB,21,INYECCION
FR-9922 9922 BUJE BARRA ESTABILIZADORA CHERY VAN CARGO- VAN PASS 2012,INY-E2229EA3,22,INYECCION
FR-9923 9923 BUJE MUELLE FORD RANGER 2.2 y 3.2 MOD 2017 …….,INY-22232939,30,INYECCION
FR-9925 9925 BUJE MUELLE PARTE FIJA KEYTON VAN,INY-591EE0EE,28,INYECCION
FR-9926 9926 BUJE BALANCIN PARTE BALANCIN KEYTON VAN,INY-9C262D6B,31,INYECCION
FR-9927 9927 BUJE PUNTA BARRA ESTABILIZADORA NPR Ext. 28mm,INY-9271F7A2,23,INYECCION
FR-9928 9928 9835 BUJE MUELLE 40mm X 18mm X 30mm (9836),FR-9303 / CB9721,27,FICHAS_INT_CAR
FR-9929 9929 BUJE MUELLE PARTE CHASIS DFSK 1500,9999caae,29,INYECCION
FR-9930 9930 BUJE BARRA ESTABILIZADORA DELANTERA HINO FC,INY-9939AF1F,29,INYECCION
FR-9931 9931 BUJE MUELLE KIA GRAN PREGIO MOD 2008 ...../ KIA K2700 / HYUNDAI STAREX,INY-9939AF1F,21,INYECCION
FR-9933 9933 BUJE TIJERA TOYOTA COROLLA,INY-9939AF1F,35,INYECCION
FR-9934 9934 BUJE TIJERA PUÑO TOYOTA COROLLA,INY-9939AF1F,33,INYECCION
FR-9935 9935 BUJE TEMPLADOR DE LA SUSPENSIÒN AMPRO PLATAFORMA,INY-9939AF1F,28,INYECCION
FR-9936 9936 BUJE TOPE MUELLE FORD RANGER BT-50 CORTO,INY-07D336CE,25,INYECCION
FR-9937 9937 BUJE TOPE MUELLE FORD RANGER BT-50 LARGO,INY-58037BAE,28,INYECCION
FR-9938 9938 BUJE CABINA Ø56 X Ø12 X 52,FR-9303 / CB9721,35,FICHAS_INT_CAR
FR-9939 9939 BUJE CABINA Ø67 X Ø13 X 67,INY-73993ABB,37,INYECCION
FR-9940 9940  BUJE CABINA Ø80 X Ø14  X 70,INY-14E4B23E,33,INYECCION
FR-9941 9941 BUJE MUELLE N300,0414f300,38,INYECCION
FR-9942 9942 BUJE SUAVIZADOR DE HOJA DE MUELLE TOYOTA HILUX VIGO 48250-OK010 CON ESPESOR DE 5ml,INY-8CDEAEEE,19,INYECCION
FR-9943 9943 BUJE SUAVIZADOR RECTANGULAR PESTAÑA OVALADA PARA HOJA MERCEDES BENZ,INY-9744AEAD,20,INYECCION
FR-9944 9944 BUJE TOPE  SUPERIOR BALLESTA NISSAN FRONTIER,INY-9939AF1F,26,INYECCION
FR-9944R 9944R BUJE TOPE  SUPERIOR BALLESTA NISSAN FRONTIER REPUESTO,INY-9939AF1F,23,INYECCION
FR-9945 9945 BUJE TIJERA SUPERIOR HILUX 4X4 CORTO MOD 85-05,INY-25C9459D,23,INYECCION
FR-9946 9946 BUJE DELANTERO SUPERIOR NISSAN URVAN D21 MOD 87 - 90,INY-89E0EDD3,24,INYECCION
FR-9947 9947 BUJE BARRA ESTABILIZADORA DELANTERA SCANEA,INY-44B0CBEE,27,INYECCION
"FR-9953 9953 BUJE BARRA ESTABILIZADORA NPR, NKR, NHR 35mm",INY-73993ABB,27,INYECCION
FR-9955 9955 BUJE SUAVIZADOR TOYOTA HI ACE MODERNO,INY-9939AF1F,29,INYECCION
FR-9956 9956 SUAVIZADOR MERCEDES ACCELO,INY-9C0CE0FE,31,INYECCION
FR-9957 9957 BUJE TRASERO TOYOTA NEW HI ACE PREMIO GDH,INY-9939AF1F,27,INYECCION
FR-9959 9959 BUJE BARRA ESITABILIZADORA TRASERA MERCEDES ATEGO,595a4dfa,20,INYECCION
FR-9960 9960 BUJE BARRA ESTABILIZADORA MERCEDES ATEGO,FR-9306HDR,25,FICHAS_INT_CAR
FR-9962 9962 BUJE MUELLE LARGO NISSAN DATSUN l200,INY-296D0CE6,30,INYECCION
FR-9963 9963 BUJE LARGO PARA BALANCIN DOBLE FUNCION TOYOTA REVO - VIGO,INY-73993ABB,28,INYECCION
FR-9964 9964 BUJE CORTO PARA BALANCIN DOBLE FUNCION TOYOTA REVO - VIGO,INY-44B0CBEE,28,INYECCION
FR-9965 9965 BUJE PARTE FIJA NISSAN DATSUN 720 D21 PATHFINDER - FRONTIER ISUZO TROOPER,INY-9939AF1F,19,INYECCION
FR-9968 9968 BUJE TOPE MUELLE DAIHATSU DELTA CHASIS,9999caae,27,INYECCION
FR-9974 9974 BUJE INTERNO GIRATORIO BALANCIN DOBLE FUNCION TOYOTA 4.5,INY-44B0CBEE,27,INYECCION
FR-9977 9977 BUJE ARTICULACION BALANCIN DOBLE FUNCION NISSAN D21 - FRONTIER,INY-77D1BEE1,24,INYECCION
FR-9978 9978 BUJE TORRE AMORTIGUADOR UNIVERSAL- PEQUEÑO,INY-77D1BEE1,25,INYECCION
FR-9980 9980 BUJE TORRE AMORTIGUADOR UNIVERSAL - GRANDE,INY-8CDEAEEE,25,INYECCION
FR-9984 9984 BUJE FOTON (AUMARK) EXT 38.5,9999caae,30,INYECCION
FR-9985 9985 BUJE MUELLE PARTE FIJA TOYOYA HILUX (RB-410),INY-4159C850,27,INYECCION
FR-CAR 001 BUJE CARCAZA PARA HOJA MUELLE NKR,INY-8075CCCE,25,INYECCION
FR-LLAVERO BUJE LLAVERO,bed3a7ae,32,INYECCION
HR-G31D HERRADURA GRANDE DELANTERA 31-33,INY-EE33AA1D,31,INYECCION
HR-G31T HERRADURA GRANDE TRASERA 31-33,33a6daee,26,INYECCION
HR-M27D HERRADURA MEDIANA DELANTERA 27-30,INY-70D257D2,34,INYECCION
HR-M27T HERRADURA MEDIANA TRASERA 27 - 30,INY-0E18A1A2,31,INYECCION
HR-M27T-FT HERRADURA MEDINA TRASERA FOTOLUMINISCENTE 27-30,INY-3FC6EEA3,26,INYECCION
HR-P24D HERRADURA PEQUEÑA DELANTERA 24-26,fdeea24d,29,INYECCION
HR-P24T HERRADURA PEQUEÑA TRASERA 24-26,INY-4E7A21EE,28,INYECCION
HR-XLD HERRADURA GIGANTE DELANTERA,INY-8CDEAEEE,30,INYECCION
HR-XLT HERRADURA GIGANTE TRASERA,INY-DEE5ADE2,27,INYECCION
IM-50002 50002 BUJE SUPLEMETO AMORTIGUADOR TOYOTA HILUX  VIGO Y TOYOTA  TX Y TXL,INY-5512EEFA,20,INYECCION
IM-50003 50003 BUJE  SUPLEMENTO  MAZDA BT-50 Y LUV DMAX 4X2,INY-4533EB9D,29,INYECCION
IM-50006 50006 BUJE SUPLEMENTO NISSAN FRONTIER NP 300,INY-05001208,25,INYECCION
IM-90001 90001 BUJE TRAILER INCA CONICO,INY-05001208,31,INYECCION
IM-90002 90002 BUJE TRAILER INCA CONICO,INY-0429A0DB,31,INYECCION
IM-90003 90003 BUJE QUINTA RUEDA HOLLAND,INY-D03023ED,35,INYECCION
IM-90004 90004 BUJE QUINTA RUEDA HOLLAND MOD VIEJO,INY-9744AEAD,29,INYECCION
IM-93001 93001 BUJE UNIVERSAL ESTABILIZADORA,INY-161BEA5B,32,INYECCION
IM-93002 93002 BUJE PARA SUSPENSION UNIVERSAL,INY-3265F93B,28,INYECCION
IM-93003 93003 BUJE TOYOTA LAND CRUISER MOD 80,INY-07D336CE,31,INYECCION
"IM-93004 93004 BUJE CHEVROLET LUV, TROOPER",INY-44B0CBEE,30,INYECCION
IM-93005 93005 BUJE SUZUKI SAMURAI SUPER CARRY LISO,FR-9303 / CB9721,25,FICHAS_INT_CAR
IM-93006 93006 BUJE ISUZU NKR TRASERO VARIOS,INY-3265F93B,29,INYECCION
IM-93006HD 93006HD BUJE ISUZU NKR TRASERO VARIOS,FR-9306HDR,31,FICHAS_INT_CAR
IM-93006HDR 93006HDR BUJE ISUZU NKR TRASERO VARIOS,FR-9306HDR,30,FICHAS_INT_CAR
IM-93008 93008 BUJE SUZUKI SAMURAI SUPER CARRY DELANTERO Y TRASERO,INY-8CDEAEEE,26,INYECCION
IM-93009 93009 BUJE TOYOTA LAND CRUISER BP-70 TRASERO,INY-73993ABB,34,INYECCION
IM-93010 93010 BUJE CHEVROLET LUV 1600 TRASERO,INY-10A3A09B,28,INYECCION
IM-93011 93011 BUJE MUELLE BALANCIN MONTERO MITSUBISHI LARGO,FR-9303 / CB9721,24,FICHAS_INT_CAR
IM-93012 93012 BUJE MUELLE BALANCIN MONTERO MITSUBISHI CORTO,INY-936A12CC,25,INYECCION
IM-93013 93013 BUJE HYUNDAI HD 65 HD 72,INY-742941BA,31,INYECCION
"IM-93013H 93013H BUJE HYUNDAI HD 65, 72 Y 78 CAMISA EX",INY-603311E8,31,INYECCION
"IM-93013HD 93013HD BUJE HYUNDAI HD 65, 72 Y 78 BUJE INTERNO",INY-77D1BEE1,31,INYECCION
IM-93014 93014 BUJE BRAZO CHEVROLET SPARK,INY-44B0CBEE,30,INYECCION
"IM-93016 93016 BUJE BALANCIN MUELLE PARA MITSUBISHI MONTERO, L200, MAZDA",FR-9303 / CB9721,24,FICHAS_INT_CAR
"IM-93017 93017 BUJE DE MUELLE PARA NISSAN 620,720 TRASERO LISO PEQUEÑO",INY-77D1BEE1,22,INYECCION
IM-93018 93018 BUJE FORD RANGER CORTO 2010,INY-05001208,33,INYECCION
IM-93020 93020 BUJE NISSAN D21 4WD TODOS MODELOS TRASERO,INY-D03023ED,29,INYECCION
IM-93022 93022 BUJE CON CARCAZA NHR NKR,INY-9BBB3ACC,31,INYECCION
IM-93026 93026 BUJE LARGO TOYOTA HILUX,INY-3265F93B,36,INYECCION
IM-93029 93029 BUJE FOR RANGER,FR-9303 / CB9721,41,FICHAS_INT_CAR
IM-93055 93055 BUJE BARRA ESTABILIZADORA LAND CRUISER BURBUJA,INY-9BBB3ACC,25,INYECCION
IM-93078 93078 BUJE AMORTIGUADOR TOYOTA UNIVERSAL,INY-77D1BEE1,26,INYECCION
IM-93080 93080 BUJE NPR (HOJA),INY-9086E6A4,40,INYECCION
IM-93082 93082 BUJE MUELLE BALANCIN PARA TOYOTA LAND CRUISER,INY-38BACE22,28,INYECCION
IM-94001 94001 BUJE CHEVROLET LUV 1600; 2000; 2300,INY-10A3A09B,27,INYECCION
"IM-94011 94011 BUJE MAZDA B1600, B2000, B2200",INY-0944B1B0,33,INYECCION
IM-94013 94013 BUJE CAMPEROS GENERICO,INY-44B0CBEE,33,INYECCION
"IM-94030 94030 BUJE MUÑECO RENAULT CLIO, SYMBOL",INY-93F40D60,32,INYECCION
IM-94030 A 94030 A BUJE CON PESTAÑA,INY-99A403AD,35,INYECCION
IM-94030 B 94030 B BUJE MUÑECO SIN PESTAÑA,INY-30A43CA6,35,INYECCION
IM-94030 C 94030 C BUJE CON FIGURA,FR-9303 / CB9721,38,FICHAS_INT_CAR
IM-96009 96009 BUJE PARTE FIJA LUV  2300 DMAX,INY-0969EF13,29,INYECCION
IM-96022 96022 BUJE SUAVIADOR UNIVERSAL CUADRADO,INY-9BF462BE,27,INYECCION
IM-96028 96028 BUJE MUELLE HULE BALANCIN CORTO PARA MITSUBISHI MONTERO.,INY-296D0CE6,22,INYECCION
IM-96029 96029 BUJE MUELLE HULE BALANCIN LARGO PARA MITSUBISHI MONTERO.,INY-296D0CE6,22,INYECCION
IM-96030 96030 BUJE FORD RANGER CORTO 2010,INY-10A3A09B,33,INYECCION
IM-96031 96031 BUJE CONICO AMORTIGUADOR MERCEDES BENZ,INY-3603DDEB,28,INYECCION
IM-96032 96032 BUJE CONICO VARIOS,INY-936A12CC,36,INYECCION
IM-96033 96033 BUJE CONICO MEDIANO,INY-339D63C3,39,INYECCION
IM-96034 96034 BUJE DE TENSOR ATOS,INY-3603DDEB,39,INYECCION
IM-96036 96036 BUJE BRAZO CHEVROLET SPRINT,INY-07D336CE,33,INYECCION
IM-96040 96040 BUJE DMAX 4 X 4,INY-49A0F964,38,INYECCION
IM-96058 96058 BUJE MUELLE BALANCIN RB-414 SOLO POLIURETANO,INY-44B0CBEE,28,INYECCION
IM-96072 96072 BUJE NKR NHR NPR PARA HOJA,INY-9BF462BE,30,INYECCION
IM-97001 97001 BUJE CHEVROLET N200-300 LARGO,INY-77D1BEE1,32,INYECCION
IM-97002 97002 BUJE TOYOTA NEW HILUX VIGO 2007 LARGO,INY-20803252,28,INYECCION
IM-97003 97003 BUJE TOYOTA HILUX VIGO 2007 CORTO,INY-90336979,27,INYECCION
IM-97004 97004 BUJE CHEVROLET N200-300 CORTO,INY-04CC70EE,32,INYECCION
IM-97005 97005 BUJE MUELLE PARTE FIJA CHINOS,INY-1702535B,29,INYECCION
IM-97006 97006 BUJE HYUNDAI COUNTY,INY-90336979,35,INYECCION
"IM-97007 97007 BUJE PARTE FIJA HYUNDAI HD 65, 72 Y 78",INY-52970766,31,INYECCION
IM-97008 97008 BUJE BALANCIN MUELLE DAIHATSU F-20,INY-05001208,26,INYECCION
IM-97009 97009 BUJE TEMPLETE PARA CHINOS TODAS LAS SERIES,9999caae,25,INYECCION
IM-97010 97010 BUJE AMORTIGUADOR DELANTERO TOYOTA NEW HILUX VIGO 2007,INY-07DBDAE9,27,INYECCION
IM-97011 97011 BUJE PARTE FIJA DAIHATSU F-20 TODOS,INY-11967DFF,29,INYECCION
IM-97012 97012 BUJE HYUNDAI COUNTY SOLO BUJE INT,INY-77D1BEE1,30,INYECCION
IM-97014 97014 BUJE SUAVIADOR UNIVERSAL REDONDO MEDIANO,INY-9744AEAD,30,INYECCION
IM-97015 97015 BUJE SUAVISADOR UNIVERSAL REDONDO GRANDE,INY-77D1BEE1,27,INYECCION
IM-97016 97016 BUJE SUAVIZADOR PEQUEÑO,INY-77D1BEE1,33,INYECCION
IM-97018 97018 BUJE BALANCIN FOTON CAMION,INY-7071B7C1,34,INYECCION
IM-97020 97020 BUJE PARTE FIJA FRONTIER GRUESO,FR-9303 / CB9721,30,FICHAS_INT_CAR
IM-97021 97021 BUJE NPR,FR-9303 / CB9721,49,FICHAS_INT_CAR
IM-97022 97022 BUJE RB 413 PARTE FIJA NPR 2011,INY-115C4020,31,INYECCION
IM-97023 97023 BUJE RB 440 PARTE FIJA NPR 2011,FR-9303 / CB9721,33,FICHAS_INT_CAR
IM-97024 97024  BUJE BALANCIN NISSAN FRONTIER,INY-44B0CBEE,36,INYECCION
IM-97025 97025 BUJE DAIHATSU F20 LARGO,INY-70D257D2,36,INYECCION
IM-97026 97026 BUJE BARRA ESTABILIZADORA VIGO HIACE,INY-9BBB3ACC,25,INYECCION
IM-97027 97027 BUJE NISSAN TIDA VERSA Y MICRA,INY-7071B7C1,32,INYECCION
IM-97031 97031 BUJE MUELLE CHEVROLET N300 2015 Corto,INY-07D336CE,28,INYECCION
"IM-97032 97032 BUJE MUELLE TOYOTA 4,5 MONJITA VENEZOLANA",INY-9735F203,29,INYECCION
IM-97035 97035 BUJE TIJERA MAZDA BT-50,INY-543A05AD,32,INYECCION
IM-97039 97039 BUJE HD 65,INY-90336979,43,INYECCION
IM-97040 97040 BUJE TIJERA LUV 2300 Y DMAX,INY-742941BA,33,INYECCION
IM-97041 97041 BUJE BALANCIN LARGO HIACE,INY-44B0CBEE,35,INYECCION
IM-97042 97042 BUJE HINO FG PEQUEÑO,INY-0429A0DB,39,INYECCION
IM-97043 97043 BUJE HINO FG GRANDE,INY-9744AEAD,43,INYECCION
IM-97045 97045 BUJE FORD RANGER LARGO,INY-7524BFD2,37,INYECCION
IM-97046 97046 BUJE BARRA TEMPLETE DE HINO,INY-9744AEAD,37,INYECCION
IM-97047 97047 BUJE TOYOTA 14MM VENEZOLANA,INY-4C7C0497,33,INYECCION
IM-97048 97048 BUJE SUAVISADOR HOJA ECUADOR,INY-9744AEAD,33,INYECCION
IM-97050 97050 BUJE PARTE FIJA VIGO 23MM (BUJE ENSAMBLE 97039),FR-9303 / CB9721,24,FICHAS_INT_CAR
IM-97052 97052 BUJE BARRA MAZDA BT-50,INY-58037BAE,33,INYECCION
IM-97058 97058 BUJE DAIHATSU DELTA,INY-F5878EE5,35,INYECCION
IM-97059 97059 BUJE MUELLE DAIHATSU SUPER DELTA,INY-07DBDAE9,27,INYECCION
IM-97060 97060 BUJE DMAX PRADO,0960b1da,37,INYECCION
"IM-97061 97061 BUJE AMORTIGUADOR CARRETA UNIVERSAL, PUNTA BARRA ESTABILIZADORA NHR",INY-6EC1AEEB,22,INYECCION
IM-97062 97062 BUJE CONICO AMORTIGUADOR NHR/NKR/NPR,INY-0429A0DB,29,INYECCION
IM-97065 97065 BUJE TOPE AUXILIAR NPR,INY-76253970,37,INYECCION
IM-97066 97066 BUJE TIJERA SUPERIOR NISSAN FRONTIER,INY-52970766,29,INYECCION
IM-97071 97071 BUJE BARRA ESTABILIZADORA CHEVROLET SPARK,09aecdaa,25,INYECCION
"IM-97072 97072 BUJE BARRA ESTABILIZADORA CHEVROLET N200_x000D_
 Y CHINOS",INY-700EC8B7,24,INYECCION
IM-97079 97079 BUJE TIJERA SUPERIOR DMAX 4X2,INY-07DBDAE9,29,INYECCION
IM-97080 97080 BUJE TIJERA INF DMAX 4X2,INY-69B0817D,31,INYECCION
IM-97083 97083 BUJES MUELLE LUV 2300 DIAMETRO INT 16 MM,INY-69B0817D,27,INYECCION
IM-97084 97084 BUJE BARRA TENSORA CHEVROLET N300,INY-04CC70EE,30,INYECCION
IM-97086 97086 BUJE SUZUKI GRAND VITARA SZ,INY-9086E6A4,30,INYECCION
IM-97087 97087 BUJE BARRA ESTABILIZADORA AVEO,INY-58037BAE,28,INYECCION
IM-97088 97088 BUJE BARRA ESTABILIZADORA CORSA,INY-700EC8B7,28,INYECCION
IM-97089 97089 BUJE BARRA ESTABILIZADORA RENAULT SYMBOL,INY-9744AEAD,30,INYECCION
IM-97090 97090 BUJE MUELLE MAZDA BT-50,9999caae,30,INYECCION
IM-97091 97091 BUJE BARRA TENSORA LUV 2300 TROOPER,INY-90336979,26,INYECCION
IM-97092 97092 BUJE VARILLA TENSORA MAZDA B2000,INY-90336979,27,INYECCION
IM-98001 98001 BUJE BARRA ESTABILIZADORA RENAULT DUSTER,INY-89E0EDD3,27,INYECCION
IM-98003 98003 BUJE MUELLE ESPECIAL LUV CHEVROLET 44X16,INY-8CDEAEEE,24,INYECCION
IM-98006 98006 BUJE BARRA TENSORA HYUNDAI H-160 GRACE Y STAREX,INY-F006ACE4,27,INYECCION
IM-98007 98007 BUJE BARRA ESTABILIZADORA NAVARA NEW FRONTIER,INY-07DBDAE9,25,INYECCION
IM-98010 98010 BUJE SUAVIZADOR DE HOJA DE MUELLE TOYOTA HILUX VIGO,INY-91EEAEE5,26,INYECCION
IM-98011 98011 BUJE SUAVISADOR UNIVERSAL,INY-0515F19B,31,INYECCION
IM-98016 98016 BUJE BARRA ESTABILIZADORA LUV DMAX RT-50 2016 EN AELANTE,INY-265DEAD7,22,INYECCION
IM-98017 98017 BUJE BARRA ESTABILIZADORA HINO FC CON PESTAÑA,INY-9BBB3ACC,25,INYECCION
IM-98018 98018 BUJE BARRA ESTABILIZADORA HINO SIN PESTAÑA,INY-120DE7AA,26,INYECCION
IM-98020 98020 BUJE TIJERA DE MAZDA B200,INY-20803252,31,INYECCION
IM-98025 98025 BUJE TOPE AUXILIAR MUELLE HINO,INY-86258102,32,INYECCION
IM-98038 98038 BUJE MITSUBISHI CANTER,INY-58037BAE,33,INYECCION
IM-98039 98039 BUJE SUAVISADOR BOLIVIA,INY-58037BAE,32,INYECCION
IM-98042 98042 BUJE CHERY VAN 2020,INY-20803252,39,INYECCION
IM-98048 98048 BUJE CONICO 16mm,983090cc,36,INYECCION
IM-98052 98052 BUJE BARRA ESTABILIZADORA TOYOTA HILUX OEM:48815-0K040,INY-4C40522D,25,INYECCION
IM-98053 98053 BUJE BARRA ESTABILIZADORA TOYOTA HILUX,INY-58037BAE,31,INYECCION
IM-98060 98060 BUJE PUNTA  BARRA ESTABILIZADORA NPR,INY-9086E6A4,29,INYECCION
IM-98068 98068 BUJE BARRA ESTABILIZADORA CHEVROLET LUV 2300 4X2 4X4 TROOPER,FR-9306HDR,19,FICHAS_INT_CAR
IM-98077 98077 BUJE CONICO UNIVERSAL,INY-8075CCCE,33,INYECCION
IM-98082 98082 BUJE TOPE MUELLE DELANTERO NKR Y NPR COMPLETO,INY-8CDEAEEE,31,INYECCION
IM-98082R 98082R BUJE REPUESTO TOPE MUELLE DELANTERO NPR Y NKR,INY-8CDEAEEE,27,INYECCION
IM-98088 98088 BUJE MUELLE CHEROLET N300 14mm  (CORTO),INY-9C0CE0FE,25,INYECCION
IM-98089 98089 BUJE MUELLE VEHICULOS CHINOS,INY-EE0D8988,29,INYECCION
IM-98090 98090 BUJE BARRA ESTABILIZADORA DELANTERO CHEVROLET-SUZUKI VITARA-GRAND VITARA - SAMURAI,INY-8CDEAEEE,17,INYECCION
IM-99015 99015 BUJE TOPE MUELLE SUSPENSION TRASERA TOYOTA HILUX VIGO REVO,INY-591EE0EE,26,INYECCION
INT9306HD TUBO INTERNO NKR LARGO,FR-9306HDR,43,FICHAS_INT_CAR
INT9380 TUBO INTERIOR NPR,FR-9380,38,FICHAS_INT_CAR
INT9609 BUJE INTERNO RB-410,INY-6C841E60,41,INYECCION
INT9722 TUBO INTERIOR 413,INY-4A632612,38,INYECCION
INT9723 TUBO INTERIOR NKR PARA 440,INY-14E4B23E,30,INYECCION
INT9735 BUJE INTERNO BT-50,INY-F9BE9D75,42,INYECCION
INT9740 TUBO INTERNO TIJERA DE LUV,INY-BD8CE474,30,INYECCION
INT9760 TUBO INTERNO 9760-PRADO,INY-52970766,37,INYECCION
INT9780 INTERNO PARA ENSAMBLE 9780,INY-7E1BD3E7,35,INYECCION
INT9820 INTERNO BUJE TIJERA MAZDA B2000 9820,INY-A9B08206,32,INYECCION
INT9821 INTERNO BUJE 9821,INY-95108E82,43,INYECCION
"INT9845 INTERNO  Ø INT 14,5 - Ø EXT 19,5 - ALTURA 95 (9845)",INY-A14AFE98,30,INYECCION
INT9851 TUBO PARA 9851,FR-9851,41,FICHAS_INT_CAR
"KIT-01-5003 01-5003 BUJE SUPLEMENTO MAZDA BT-50, FORD RANGER",INY-1702535B,25,INYECCION
KIT-02-5003 02-5003 BUJE SUPLEMENTO LUV DMAX 4X2,INY-1702535B,30,INYECCION
KIT-03-5002 03-5002  BUJE SUPLEMENTO TOYOTA,INY-20803252,37,INYECCION
KIT-04-5006 04-5006 KIT BUJE SUPLEMENTO 5006 NISSAN FRONTIER NP 300,INY-4500E455,23,INYECCION
"KIT-05-5008 05-5008 KIT BUJE SUPLEMENTO FORD RANGER LIMITED 3,2 MOD 2020",INY-05001208,24,INYECCION
KIT-06-5002A 06-5002A KIT BUJE SUPLEMENTO TOYOTA,INY-606624A0,33,INYECCION
KIT-07-5014 07-5014 KIT BUJE SUPLEMENTO DELANTERO TOYOTA COROLLA CROSS,INY-8075CCCE,24,INYECCION
KIT-08-5009 08-5009 KIT BUJE SUPLEMENTO FORD 150,INY-01559D96,30,INYECCION
KIT-09-5002B 09-5002B KIT BUJE SUPLEMENTO TOYOTA,INY-05001208,33,INYECCION
KIT-5002 KIT-5002 KIT BUJE SUPLEMENTO TOYOTA,INY-20803252,32,INYECCION
"KIT-5003 KIT 5003 BUJE SUPLEMENTO MAZDA BT-50, FORD RANGER",INY-D03023ED,26,INYECCION
KIT-5006 KIT-5006  BUJE SUPLEMENTO 5006 NISSAN FRONTIER NP 300,INY-682A656F,22,INYECCION
MG-01 MANGO PARA ESCOFINA AMARILLO,INY-0E18A1A2,30,INYECCION
MG-02 MANGO PARA ESCOFINA AZUL,INY-02CCAE9F,33,INYECCION
MG-03 MANGO PARA ESCOFINA FOTOLUMINISCENTE,INY-CF0EC78A,26,INYECCION
MG-04 MANGO PARA ESCOFINA GRIS,INY-CF0EC78A,33,INYECCION
MG-05 MANGO PARA ESCOFINA MORADO,405aaadf,30,INYECCION
MG-06 MANGO PARA ESCOFINA NARANJA,INY-CF0EC78A,27,INYECCION
MG-07 MANGO PARA ESCOFINA ROSADO,087c2fad,30,INYECCION
MG-08 MANGO PARA ESCOFINA ROJO,INY-CF0EC78A,29,INYECCION
MG-09 MANGO PARA ESCOFINA VERDE,09eaaee2,36,INYECCION
MG-10 MANGO PARA ESCOFINA CRISTALINO,INY-02CCAE9F,29,INYECCION
MGP-A MANGO PUNTERA PARA ESCOFINA,acaacbe9,24,INYECCION
"MT-7000 7000 BUJE PULSAR 220, 180  Y 150",INY-58037BAE,32,INYECCION
"MT-7000-B 7000-B BUJE PULSAR 220, 180 Y 150",INY-58037BAE,30,INYECCION
MT-7001 7001 BUJE UM RENEGADE Y AKT SL 125,INY-1D01A01E,33,INYECCION
"MT-7002 7002 BUJE PULSAR NS 200, PULSAR 1, KTM 200, 390 DUKE 200",INY-20803252,22,INYECCION
"MT-7002-B 7002-B BUJE PULSAR NS 200, PULSAR 1, KTM 200 Y 390",INY-20803252,26,INYECCION
"MT-7002-SP-A 7002-SP-A  BUJE KTM 200, 250, 390 NG Y CLASICA . DOMINAR 250 Y 400UG. SVARPILEN 200",INY-20803252,20,INYECCION
"MT-7002-SP-B MT-7002-SP-B BUJE KTM 200,390 Y DOMINAR 400",INY-20803252,29,INYECCION
MT-7003 7003 BUJE GENERICO MOTO,INY-D03023ED,33,INYECCION
"MT-7004 7004 BUJE AKT EVO, APACHE 160,  180 Y 200 SOLO FRENO DE DISCO. SUZUKI GN 125",INY-584670BD,24,INYECCION
"MT-7004-B 7004-B BUJ AKT EVO, APACHE 160, 180 Y 200 SOLO PARA CAMPANA",INY-10A147CA,23,INYECCION
MT-7005 7005 BUJE AKT CR4,7000-B,39,PULIDO
"MT-7005-B 7005-B BUJE BAJAJ, BOXER, DISCOVER, PLATINO 125 Y XL",INY-1702535B,28,INYECCION
MT-7006A 7006A  LIMPIABRISAS PARA MOTO AMARILLO,INY-0DDA7069,24,INYECCION
MT-7006AZ 7006AZ LIMPIABRISAS PARA MOTO AZUL,INY-0DDA7069,25,INYECCION
MT-7006B 7006B LIMPIABRISAS PARA MOTO BEIGE,78b006ba,27,INYECCION
MT-7006F 7006F LIMPIABRIASAS PARA MOTO FUCSIA,INY-F006ACE4,25,INYECCION
MT-7006FT 7006FT LIMPIABRISAS  PARA MOTO FOTOLUMINISCENTE,INY-F006ACE4,24,INYECCION
MT-7006G 7006G LIMPIABRISAS PARA MOTO GRIS,7000-B,25,PULIDO
MT-7006M 7006MT LIMPIABRISAS PARA MOTO MORADO,CM7002SPA,26,PULIDO
MT-7006N 7006N LIMPIABRISAS PARA MOTO NARANJA,INY-0DDA7069,25,INYECCION
MT-7006NG 7006 NG LIMPIABRISAS PARA MOTO NEGRO,INY-F006ACE4,24,INYECCION
MT-7006R 7006R LIMPIABRISAS  PARA MOTO ROJO,7000-B,25,PULIDO
MT-7006V 7006V LIMPIABRISAS PARA MOTO VERDE,7000-B,24,PULIDO
MT-7006VM 7006 VM LIMPIA BRISAS PARA MOTO VERDE MILITAR,INY-006A5C5A,21,INYECCION
MT-7007 7007 BUJE KAWASAKI Z 250 Y NINJA 300,INY-58037BAE,36,INYECCION
"MT-7008 7008 BUJE  HONDA CB 160, 190 E INVICTA 150",INY-F5878EE5,30,INYECCION
"MT-7008-B 7008-B BUJE HONDA CB 160, 190 E INVICTA 150",INY-F5878EE5,28,INYECCION
MT-7009 7009 BUJE AKT,7000-B,44,PULIDO
MT-7009-B 7009-B BUJE YAMAHA R15 SOLO FRENO DE DISCO,INY-77D1BEE1,28,INYECCION
MT-7010 7010 BUJE CAMPANA BMW F 650 GS KIT X 3,INY-7071B7C1,28,INYECCION
"MT-7011 7011 BUJE YAMAHA FZ 2,5, MT 15 Y R15 V3 Y V4",INY-1457016F,25,INYECCION
MT-7011-B 7011-B BUJE YAMAHA F 2.5,270417ef,33,INYECCION
MT-7012 7012 BUJE YAMAHA R3 Y MT 03,FR-9303 / CB9721,33,FICHAS_INT_CAR
MT-7013 7013 BUJE SUZUKI GIXXER SF Y GSX 150R,INY-1457016F,32,INYECCION
MT-7013-B 7013-B BUJE SUZUKI GIXXER SF Y GSX 150R,INY-1457016F,30,INYECCION
MT-7014 7014 BUJE YAMAHA XT 660,INY-14E4B23E,33,INYECCION
MT-7015 7015 BUJE CAMPANA SUZUKI  V STROM,INY-7071B7C1,31,INYECCION
MT-7016 7016 BUJE CAMPANA SUZUKI DR 650,INY-7071B7C1,31,INYECCION
MT-7017 7017 BUJE YAMAHA R6 /MT07/ XRS700 / FZ07,INY-7071B7C1,29,INYECCION
"MT-7018 7018 BUJE KAWASAKI 650, 700, 800, 900 Y VERSY 1000",INY-05001208,30,INYECCION
MT-7019 7019 BUJE YAMAHA R1 / MT09 / XRS900 / FZ09 / FJ09 / TRACER 900 KIT X 6,INY-F006ACE4,20,INYECCION
MT-7020A 7020A BUJE PROTECTOR CAMBIOS MOTO AMARILLO,INY-0429A0DB,22,INYECCION
MT-7020AZ 7020AZ BUJE PROTECTOR CAMBIOS MOTO AZUL,INY-0429A0DB,23,INYECCION
MT-7020B 7020B BUJE PROTECTOR CAMBIOS MOTO BEIGE,INY-77D1BEE1,23,INYECCION
MT-7020F 7020F BUJE PROTECTOR CAMBIOS MOTO FUCSIA,INY-700EC8B7,26,INYECCION
MT-7020FL 7020FL BUJE PROTECTOR CAMBIOS MOTO FLOURESENTE,INY-05001208,24,INYECCION
MT-7020G 7020G BUJE PROTECTOR CAMBIOS MOTO GRIS,INY-700EC8B7,27,INYECCION
MT-7020M 7020M BUJE PROTECTOR CAMBIOS MOTO MORADO,INY-05001208,23,INYECCION
MT-7020N 7020N BUJE PROTECTOR CAMBIOS MOTO NARANJA,INY-05001208,26,INYECCION
MT-7020NG 7020NG BUJE PROTECTOR CAMBIOS M OTO NEGRO,INY-05001208,25,INYECCION
MT-7020R 7020R BUJE PROTECTOR CAMBIOS MOTO ROJO,INY-05001208,24,INYECCION
MT-7020V 7020V BUJE  PROTECTOR CAMBIOS MOTO VERDE,INY-05001208,23,INYECCION
MT-7020VM 7020VM BUJE PROTECTOR CAMBIOS MOTO VERDE MILITAR,INY-700EC8B7,23,INYECCION
MT-7021 7021 BUJE CAMPANA AKT CR5 / TTX / XM180,12ec5807,27,INYECCION
"MT-7022 7022 BUJE CAMPANA CF MOTOS 250NK, 300NK, 250SR Y 300SR",INY-20803252,25,INYECCION
"MT-7023 7023 BUJE CAMPANA CF MOTOS 400NK, 400GT, 650NK, 650GT Y 650MT",INY-606624A0,23,INYECCION
MT-7024 7024 BUJE SUZUKI GIXXER 250,INY-04CC70EE,34,INYECCION
MT-7025 7025 BUJE CAMPANA HONDA XR300,INY-70D257D2,33,INYECCION
MT-7029 7029 BUJE CAMPANA VICTORY ZONTES ZT350 GK,INY-7071B7C1,26,INYECCION
MT-7030 7030 BUJE CAMPANA BMW GS310 Y 310 KIT X 3,INY-737B2BC3,33,INYECCION
MT-7031 7031 BUJE PORTA SPROCKET BMW 750 Y 850,INY-77D1BEE1,28,INYECCION
"MT-7032 7032  BUJE KTM 200, 250, 390 NG Y CLASICA . DOMINAR 250 Y 400UG. SVARPILEN 200",INY-D03023ED,24,INYECCION
MT-7033 7033,73b74339,50,INYECCION
PL-001 PLANTILLA CON SOPORTE DE RANILLA,INY-F006ACE4,27,INYECCION
PL-002 PLANTILLA SENCILLA,PL-002,39,PULIDO
PL-002-N PLANTILLA SENCILLA NEGRA,INY-0B912EA1,31,INYECCION
PL-003 PLANTILLA COMPENSADA A 2°,INY-F006ACE4,33,INYECCION
PL-TOPE 9765 PLATINA PARA ENSAMBLE 9765,INY-5512EEFA,31,INYECCION
PL-TOPE 9768 PLATINA PARA ENSAMBLE 9768,INY-F5878EE5,31,INYECCION
SP-130 SEPARADOR DE 130MM IRIS,13d030ea,37,INYECCION
V BUJE BARRA ESTABILIZADORA HINO SIN PESTAÑA,INY-DEE5ADE2,29,INYECCION
MP-002 TPU DUREZA 85,PL-002,38,PULIDO
MP-003 SILICONA EN SPRAY,INY-D03023ED,44,INYECCION
MP-011 MP-011 PIGMENTO CD-3397 MASTER PRIMA AZUL,INY-10A147CA,30,INYECCION
"BA-007 BARRA ACERO HEXAGONAL SAE 12L14 5/8""",INY-7128C31A,30,INYECCION
ANILLO9735 ANILLO BUJE BT-50,5a923c5b,33,INYECCION
CAR9735 BUJE EXTERNO BT-50,INY-BC90EC97,37,INYECCION
BL-001 BL-001 BALANCIN VIGO LARGO,INY-05001208,31,INYECCION
BL-002 BL-002 BALANCIN VIGO CORTO,00d2acbb,34,INYECCION
BL-003 BL-003 BALANCIN NISSAN D-21 70mm,INY-0433195D,31,INYECCION
BL-004 BL-004 BALANCIN NISSAN D-21 95mm,INY-0433195D,35,INYECCION
BL-005 BL-005 BALANCIN MAZDA B2000 SEMILARGO,INY-05001208,32,INYECCION
BL-006 BL-006 BALANCIN REVO CORTO,INY-F006ACE4,31,INYECCION
BL-007 BL-007 BALANCIN REVO LARGO,INY-7071B7C1,31,INYECCION
"BL-008 BL-008 BALANCIN TOYOTA 4,5 85mm",INY-4500E455,36,INYECCION
BL-009 BL-009 BALANCIN MAZDA B2000,INY-05001208,35,INYECCION
BL-010 BL-010 BALANCIN CHEVROLET LUV 2300 90mm,INY-05001208,31,INYECCION
BL-011 BL-011 BUJE BALANCIN CHEVROLET LUV 2300 - 120mm,INY-115C4020,25,INYECCION
BSL-001 BSL-001 BALANCIN VIGO LARGO - SIN SISTEMA DE LUBRICACIÓN,INY-9BBB3ACC,25,INYECCION
BSL-002 BSL-002 BALANCIN VIGO ORIGINAL - SIN SISTEMA DE LUBRICACIÓN,INY-120DE7AA,24,INYECCION
BSL-003 BSL-003 BALANCIN NISSAN D21-70 mm -SIN SISTEMA DE LUBRICACIÓN,INY-3603DDEB,25,INYECCION
BSL-004 BSL-004 BALANCIN NISSAN D21-95 mm - SIN SISTEMA DE LUBRICACIÓN,INY-9BBB3ACC,23,INYECCION
BSL-005 BSL-005 BALANCIN MAZDA B2000 SEMILARGO - SIN SISTEMA DE LUBRICACIÓN,INY-8075CCCE,21,INYECCION
BSL-006 BSL-006 BALANCIN REVO CORTO - SIN SISTEMA DE LUBRICACIÓN,INY-F006ACE4,25,INYECCION
BSL-007 BSL-007 BALANCIN REVO LARGO - SIN SISTEMA DE LUBRICACIÓN,INY-9BBB3ACC,25,INYECCION
BSL-008 BSL-008 BALANCIN TOYOTA 4.5 - 85 mm - SIN SISTEMA LUBRICACIÓN,INY-8075CCCE,26,INYECCION
BSL-009 BSL-009 BALANCIN MAZDA B2000 (6040) - SIN SISTEMA DE LUBRICACIÓN,INY-9BBB3ACC,23,INYECCION
BSL-010 BSL-010 BALANCIN CHEVROLET LUV 2300 - 90mm - SIN SISTEMA DE  LUBRICACIÓN,INY-9BBB3ACC,21,INYECCION
BSL-011 BSL-011 BALANCIN CHEVROLET LUV 2300 - 120mm - SIN SISTEMA DE LUBRICACIÓN,INY-D03023ED,21,INYECCION
BSL-012 BSL-012 BALANCIN NISSAN FRONTIER - SIN SISTEMA DE LUBRICACIÓN,INY-120DE7AA,26,INYECCION
BSL-013 BSL-013 BALANCIN KIA PREGIO / H1 / GRAND STAREX - SIN SISTEMA DE LUBRICACIÓN,INY-9BBB3ACC,20,INYECCION
BSL-014 BSL-014 BALANCIN MONTERO / H100 / STAREX / L200 / SPORTERO - SIN SISTEMA DE LUBRICACIÓN,INY-44B0CBEE,21,INYECCION
BSL-015 BSL-015 BALANCIN HILUX SEMI LARGO - SIN SISTEMA DE LUBRICACIÓN,INY-9BBB3ACC,23,INYECCION
BSL-016 BSL-016 BALANCIN WULING / N200 / DFM,INY-161BEA5B,35,INYECCION
BSL-017 BSL-017 BALANCIN SUZUKI / HAFEI / DAMAS / CARRY,INY-1457016F,26,INYECCION
BSL-018 BSL-018 BALANCIN MITSUBISHI CANTER Y HYUNDAI COUNTY - SIN SISTEMA DE LUBRICACIÓN,INY-158CCACD,23,INYECCION
BSL-019 BSL-019 BALANCIN CHEVROLET NPR CRUZADO - SIN SISTEMA DE LUBRICACIÓN,INY-9BBB3ACC,24,INYECCION
"BSL-020 BSL-020 BALANCIN TOYOTA 4,5 MONJA - SIN SISTEMA DE LUBRICACIÓN",INY-120DE7AA,25,INYECCION
"BSL-021 BSL-021 BALANCIN TOYOTA 4,5 110mm - SIN SISTEMA DE LUBRICACIÓN",INY-14B68DEA,25,INYECCION
"BSL-022 BSL-022 BALANCIN TOYOTA 4,5 140mm - SIN SISTEMA DE LUBRICACIÓN",INY-14B68DEA,25,INYECCION
BSL-023 BSL-023 BALANCIN NKR Y NHR - SIN SISTEMA DE LUBRICACIÓN,INY-3603DDEB,28,INYECCION
BSL-024 BSL-024 BALANCIN NPR TRASERO - SIN SISTEMA DE LUBRICACIÓN,INY-0429A0DB,24,INYECCION
"BSL-026 BSL-026 BALANCIN TOYOTA 4,5 DE 140mm (MEDIA LUNA) - SIN SISTEMA DE LUBRICACIÓN",INY-158CCACD,24,INYECCION
BSL-027 BSL-027 BALANCIN FORD RANGER - SIN SISTEMA DE LUBRICACIÓN,INY-8075CCCE,24,INYECCION
BSL-028 BSL-028 BALANCIN DAIHATSU F20 - SIS SISTEMA DE LUBRICACIÓN,INY-8A0AB4A0,24,INYECCION
BSL-029 BSL-029 BALANCIN CHEVROLET N300 - SIN SISTEMA DE LUBRICACIÓN,INY-9BBB3ACC,23,INYECCION
BSL-031 BSL-031  BALANCIN SUZUKI / HAFEI / DAMAS / CARRY LARGO,FR-9303 / CB9721,26,FICHAS_INT_CAR
BSL-032 BSL-032 BALANCIN SUZUKI / HAFEI / DAMAS / CARRY,INY-20803252,26,INYECCION
BSL-036 BSL-036 BALANCIN LUV 2300  (CENTROS 140mm) RECTO  - SIN SISTEMA DE LUBRICACION,INY-3603DDEB,22,INYECCION
BSL-040 BSL-040 BALANCIN SUZUKI 120 mm (MEDIA LUNA) - SIN SISTEMA DE LUBRICACION,INY-44B0CBEE,23,INYECCION
BSL-041 BSL-041 BALANCIN CHEVROLET LUV 2300 - 120mm (MEDIA LUNA) - SIN SISTEMA DE LUBRICACIÓN,INY-44B0CBEE,20,INYECCION
BSL-042 BSL-042 BALANCIN CHEVROLET LUV 2300 - 140mm (MEDIA LUNA) - SIN SISTEMA DE LUBRICACIÓN,INY-44B0CBEE,20,INYECCION
BSL-043 BSL-043 BALANCIN NISSAN FRONTIER120mm (MEDIA LUNA) - SIN SISTEMA DE LUBRICACIÓN,INY-44B0CBEE,21,INYECCION
BSL-044 BSL-044 BALANCIN,INY-0944B1B0,39,INYECCION
BSL-045 BSL-045 BALANCIN,INY-4500E455,44,INYECCION
BSL-047 BSL-047 BALANCIN,INY-4C7C0497,44,INYECCION
0014009 TUBO MUEBLE REDONDO CR 1.663 CALIBRE  16,091eebdb,29,INYECCION
"BP001 TUBO REDONDO MUEBLE 1 1/2 CALIBRE 1,50MM X 6 METROS",INY-115C4020,23,INYECCION
MP-001 PIGMENTO PARA BUJES CD 1296,INY-0515F19B,35,INYECCION
MP-024 KEPITAL F20-03 COPOLIMERO ACTALICO POM,INY-02CCAE9F,28,INYECCION
MP-016 FORTIPRENE TPU 5127 DUREZA 70,INY-120DE7AA,38,INYECCION
MP-017 PIGMENTO MASTER NEGRO,INY-DC2D7AEE,35,INYECCION
MP-025 PIGMENTO VERDE MILITAR,INY-543A05AD,29,INYECCION
MP-005 PIGMENTO CD-7198 MASTER PRISMA GRIS,INY-8CDEAEEE,30,INYECCION
MP-006 DESMOPAN 3491A MATERIAL PARA HERRADURAS,INY-349E5AA2,28,INYECCION
004-TUERCA TUERCA DE SEGURIDAD RO 5/16,INY-16E7EADE,32,INYECCION
PL-6000 PLATINA PARA ENSAMBLE 6000,INY-F006ACE4,35,INYECCION
TR-9882 TORNILLO CARRIAGEZINCADO 5/16 * 3/4,INY-158CCACD,34,INYECCION
CAR9007 CARCAZA PARA ENSAMBLE BUJE PESADO NUEVO,b07ea3bd,25,INYECCION
CH-PEGANTE-213 PEGANTE CHEMLOK 213,INY-D232EEE8,35,INYECCION
EJE9007 EJE CENTRAL 9007,EJE9007,45,PULIDO
EJE9008 EJE CENTRAL 9008,9008a0e8,44,INYECCION
MP-009 MATERIAL TPU M85,INY-85A9EA1C,34,INYECCION
003-TUERCA TUERCA DE SEGURIDAD 3/8,INY-DEE5ADE2,30,INYECCION
ARC001 ARC001 ARANDELA CONICA MUÑECO,INY-1D01A01E,34,INYECCION
TR-3/8*3 TORNILLO ZINCADO DE 3/8*3,INY-3603DDEB,30,INYECCION
TR 3/8*2 1/2 TORNILLO ZINCADO DE 3/8*2 1/2,INY-22232939,30,INYECCION
SP-110 SEPARADOR DE  110  mm IRIS,INY-120DE7AA,33,INYECCION
TR-3/8*9 TORNILLO ZINCADO DE 3/8*9,INY-90336979,30,INYECCION
SP-135 SEPARADOR  135 mm IRIS,INY-543A05AD,30,INYECCION
TR-3/8*10 TORNILLO ZINCADO DE 3/8*10,INY-03C8C84E,33,INYECCION
SP-60 SEPARADOR DE  60 mm,6fdeaad3,38,INYECCION
TR 3/8*7 TORNILLO ZINCADO 3/8*7,INY-0393B784,33,INYECCION
SP-40 SEPARADOR 40 mm IRIS,INY-9744AEAD,32,INYECCION
TR-3/8*6 TORNILLO ZINCADO DE 3/8*6,INY-3D3468C8,35,INYECCION
SP-90 SEPARADOR DE 90mm IRIS,9095e0da,33,INYECCION
TR-3/8*8 TORNILLO ZINCADO DE 3/8*8,INY-3603DDEB,30,INYECCION
SP-15 SEPARADOR DE 15mm IRIS,175d5daa,33,INYECCION
TR-3/8*5 TORNILLO ZINCADO DE 3/8*5,INY-633955E1,35,INYECCION
TR 3/8*4 1/2 TORNILLO ZINCADO DE 3/8*4 1/2,INY-14B68DEA,30,INYECCION
SP-74 SEPARADOR DE 74MM,INY-9744AEAD,40,INYECCION
SP-25 SEPARADOR DE 25MM IRIS,INY-265DEAD7,35,INYECCION
TR-3/8*5 1/2 TORNILLO ZINCADO DE 3/8*5 1/2,INY-3233581C,30,INYECCION
SP-160 SEPARADOR DE 160MM IRIS,INY-120DE7AA,33,INYECCION
SP-30 SEPARADOR  DE 30MM IRIS,INY-3603DDEB,35,INYECCION
SP-50 SEPARADOR  DE 50MM IRIS,INY-543A05AD,30,INYECCION
SP-35 SEPARADOR  DE 35MM IRIS,355eed6e,33,INYECCION
005-TUERCA TUERCA SEGURIDAD M8- 1.25 (9430),INY-05001208,31,INYECCION
ARC002- ARANDELA ARC002 ARANDELA PARA MUÑECO 9430 PEQUEÑA,INY-E2DEA2C2,24,INYECCION
"ARC003 ARANDELA PLANA ZINC. 5/16"" 9430 (Grande)",INY-543A05AD,36,INYECCION
TR-9430 TORNILLO BRISTOL  8 ML X 80 Grado 8,FR-9306HDR,27,FICHAS_INT_CAR
"006-TUERCA TUERCA HEX CLASE 6 PASO 1,25 BICROMATIZADA 12 PARA 9431",54c2aacc,19,INYECCION
"ARC004 ARANDELA PLANA ZINCADA DE  1/2"" (9431)",INY-120DE7AA,38,INYECCION
TR-9431 TORNILLO BARRA ESTABILIZADORA 9431,INY-742941BA,33,INYECCION
WASA-001 WASA ZINIRI 1/2 PARA 9431,INY-7128C31A,35,INYECCION
SP-120 SEPARADOR  DE 120MM IRIS,INY-120DE7AA,38,INYECCION
TR- 3/8*9 TORNILLO ZINCADO DE 3/8*9,INY-90336979,30,INYECCION
SP-78 SEPARADOR DE 78MM IRIS,INY-77D1BEE1,30,INYECCION
SP-140 SEPARADOR DE 140MM IRIS,INY-120DE7AA,33,INYECCION
INT9727 INTERNO PARA ENSAMBLE 9727 TIIDA,INY-7E1BD3E7,31,INYECCION
INT9738 BUE MUELLE MAZDA 9738,33a6daee,38,INYECCION
INT9756 INTERNO PARA 9756 BUJE YOYO,INY-F9BE9D75,43,INYECCION
"TR-9765 TORNILLO CARRIAJE ZINCADO 5/16*1""  (9765)",INY-11325997,32,INYECCION
CAR9766 CARCAZA EXTERNA FRONTIER 9766,INY-5CA96A6C,33,INYECCION
INT9766 TUBO INTERNO FRONTIER 9766,INY-52970766,35,INYECCION
PL-TOPE 9767 PLATINA PARA ENSAMBLE 9767,INY-9744AEAD,31,INYECCION
TR-9767 TORNILLO CARRIAJE 5/16 *2,INY-1E869467,36,INYECCION
CAR9779 CARCAZA PARA ENSAMBLE 9779,9999caae,38,INYECCION
INT9779 INTERNO PARA ENSAMBLE 9779,INY-7E1BD3E7,35,INYECCION
CAR9782 CARCAZA PARA ENSAMBLE 9782,INY-97129E78,35,INYECCION
INT9782 INTERNO PARA ENSAMBLE 9782,INY-82EE5078,39,INYECCION
INT9795 INT PARA 9795 Y 9796,INY-90336979,40,INYECCION
INT9815 INTERNO  PARA 9815,INY-58715855,43,INYECCION
CAR9821 CARCAZA BUJE 9821,921b0e2c,42,INYECCION
INT9822 INTERNO 9822,INY-86258102,44,INYECCION
CAR9824-9826 EXT Ø INT 57 - Ø EXT 60 - ALTURA 40,INY-F006ACE4,35,INYECCION
"INT9824-9826 INTERNO  Ø INT 16,2 - Ø EXT 30,2 - ALTURA 50",INY-F006ACE4,30,INYECCION
"INT9831 Interno Ø Int 12,4 - Ø Ext 20,5 - Altura 35",INY-A14AFE98,33,INYECCION
INT9837 INTERNO PARA ENSAMBLE 9837 MUÑECO ATOS,INY-7E1BD3E7,28,INYECCION
PM-001 CUERPO  PARA ENSAMBLE MUÑECO BARRA ESTABILIZADORA ATOS,INY-F006ACE4,20,INYECCION
MP-004 MATERIAL PARA INYECCION LIMPIABRISAS TPE,Inyección,29,FICHAS_INT_CAR
"INT9858 INTERNO PARA ENSAMBLE 9858, 9859, 9861 Y 9873",INY-58513975,35,INYECCION
CAR9861 CARCAZA PARA ENSAMBLE 9861 37 MM EXT,INY-86C9AC4C,29,INYECCION
CAR9867 CARCAZA PARA ENSAMBLE 9867,INY-86C9AC4C,35,INYECCION
"INT9867 INTERNO 9867 Ø INT12,2mm - Ø EXT 22,2mm  ALTURA 46,0mm",INY-97129E78,27,INYECCION
CAR9873 CARCAZA PARA ENSAMBLE 9873 EXT 33,INY-339D63C3,30,INYECCION
HERRAJE9882 HERRAJE PORTA GRAPA CHASIS NPR 9882,INY-8CDEAEEE,31,INYECCION
INT9893 BUJE INTERNO PARA AVEO 9893,INY-89E0EDD3,34,INYECCION
"CAR9896-9903 CARCAZA  Ø INT 27,0 - Ø EXT 30,0 - ALTURA 61 ( 9896 Y 9903 )",INY-07D336CE,31,INYECCION
INT9903 INTERNO PARA ENSAMBLE 9903,INY-90336979,35,INYECCION
CAR9904 CARCAZA PARA ENSAMBLE 9904,9999caae,38,INYECCION
INT9904 INTERNO PARA ENSAMBLE 9904,INY-90A59984,39,INYECCION
MP-026 DESMOPAN 3491A COVESTRO DUREZA 91,09aecdaa,29,INYECCION
"CAR9908 CAR EXT 9908  Ø INT 47,5mm - Ø EXT 50,5mm - ALTURA 45,5mm (SIN DOBLES)",INY-44B0CBEE,25,INYECCION
"INT9908 INTERNO 9908 Ø INT19,2mm - Ø EXT 25,4mm-  Ø INT22,7mm - Ø EXT 28,5mm   ALTURA 55,5mm",INY-86258102,20,INYECCION
PL-9915 PLATINA PARA ENSAMBLE 9915,INY-5512EEFA,35,INYECCION
"INT9916 TUBO INTERNO DLL NUEVO 23,5 X 28,6 X 16",INY-11325997,31,INYECCION
INT9920 TUBO INTERIOR PARA 9920,INY-90336979,33,INYECCION
CAR9923 CARCAZA EXTERIOR BT-50 FORD RANGER,INY-02CCAE9F,33,INYECCION
INT9923 TUBO INTERNO PARA ENSAMBLE 9923,INY-DF6EA992,31,INYECCION
"CAR9931 CAR EXT 9931  Ø INT 51,7mm - Ø EXT 54,7mm - ALTURA 71 mm (SIN DOBLES)",INY-543A05AD,23,INYECCION
"INT9931 INTERNO 9931 Ø INT16,2mm - Ø EXT 21,34mm- ALTURA 80mm",INY-A391131D,27,INYECCION
INT9933 TUBO INTERIOR 9933 TIJERA TOYOTA CORLLA,INY-90336979,31,INYECCION
"CAR9934 CAR EXT 9934 Ø INT65,5mm - Ø EXT 68,7mm- ALTURA 38mm  (SIN DOBLES)",INY-F5878EE5,24,INYECCION
INT9934 TUBO INTERIOR 9934 TIJERA PUÑO TOYOTA COROLLA,INY-9F34A793,31,INYECCION
"INT9935 INTERNO 9935 Ø INT28mm - Ø EXT 38,9mm-  ALTURA 58mm",INY-85851E8B,29,INYECCION
PL-9944 PLATINA EXTERNA TOPE 9944,INY-9744AEAD,36,INYECCION
"CAR9945 CARCAZA 9945 Ø INT43,4mm - Ø EXT 46,4mm- ALTURA 40,5mm (Medidas de Corte)",INY-543A05AD,21,INYECCION
"INT9945 INTERNO 9945 Ø INT20,1mm - Ø EXT 25,4mm- ALTURA 49mm",INY-49A0F964,28,INYECCION
"INT9946 INTERNO 9946 Ø INT18mm - Ø EXT 22mm- ALTURA 48,5mm",INY-24C5E468,29,INYECCION
"INT9959 INTERNO  Ø INT 17,2 - Ø EXT 22,2 - ALTURA 40",INY-10729950,33,INYECCION
PL-9968 PLATINA PATRA ENSAMBLE 9968,INY-9086E6A4,34,INYECCION
"INT9985 TUBO INTERNO 9985 Ø INT 14,8 - Ø EXT 19,5 - ALTURA 36,7",INY-A14AFE98,27,INYECCION
PL-HR-GD PLATINA PARA HERRADURA GRANDE DELANTERA,INY-8CDEAEEE,30,INYECCION
PL-HR-GT PLATINA PARA HERRADURA GRANDE TRASERA,INY-DEE5ADE2,28,INYECCION
PL-HR-MD PLATINA HERRADURA MEDIANA DELANTERA (CON UNA PESTAÑA),INY-8CDEAEEE,28,INYECCION
PL-HR-MT PLATINA PARA HERRADURA MEDIANA TRASERA (CON DOS PESTAÑAS),INY-8CDEAEEE,24,INYECCION
MP-007 PIGMENTO PARA HERRADURAS (MASTER LUMINIZANTE FOT-3000),INY-7ADA68E8,23,INYECCION
PL-HR-PD PLATINA HERRADURA PEQUEÑA DELANTERA ( SIN PESTAÑA),INY-8CDEAEEE,27,INYECCION
PL-HR- PT PLATINA PARA HERRADURA PEQUEÑA TRASERA (CON PESTAÑA),INY-8CDEAEEE,26,INYECCION
PL-HR-XLD PLATINA PARA HERRADURA GIGANTE DELANTERA,INY-8CDEAEEE,29,INYECCION
PL-HR-XLT PLATINA PARA HERRADURA GIGANTE TRASERA,INY-DEE5ADE2,23,INYECCION
"BP002 TUBO CERRAMIENTO NEGRO 3/4 CAL ,090",INY-0D934B90,35,INYECCION
"BP025 TUBO PRESION NEGRO BISELADO 1/2 CALIBRE 0,109 X 6 METROS",INY-006A5C5A,27,INYECCION
MP-012 PIGMENTO CD-9216 MASTER PRISMA VIOLETA,INY-296D0CE6,28,INYECCION
MP-020 PIGMENTO CD-2436 MASTER PRIMA NARANJA,INY-120DE7AA,32,INYECCION
MP-010 PIGMENTO CD-2527 MASTER PRISMA ROSADO,INY-20803252,29,INYECCION
MP-013 PIGMENTO CD-2494 MASTER PRISMA ROJO,INY-02CCAE9F,30,INYECCION
MP-014 PIGMENTO CD-6294 MASTER PRISMA VERDE,INY-606624A0,29,INYECCION
CM7002SPB BUJE MT PARA ENSAMBLE 7002-SPB,CM7002SPA,37,PULIDO
MP-021 PIGMENTO CD-8355 MASTER PRISMA BEIGE,INY-8CDEAEEE,29,INYECCION
LM-LAMINA LAMINA HR A-36 9765,INY-349E5AA2,39,INYECCION
